,canonicalUrl,description,image,name,price,rating.averageRating,rating.numberOfReviews
811,/ip/SHARP-ELECT-LARGE-FORMAT-DISPLAYS-PN-UH701/139850340,"<li>PN-UH701 - 70 INCH 4K ULTRA-HD COMMERCIAL LCD DISPLAY, 3240X2160, 300 CD/M2,4000</li><li>Please Verify Part #: PNUH701</li>",https://i5.walmartimages.com/asr/ebe7b2e3-e9f6-4922-96de-5eb3b442ddd4_1.ed67eef6b981c9e2756727211cd7fd55.jpeg?odnHeight=180&odnWidth=180&odnBg=ffffff,SHARP ELECT - LARGE FORMAT DISPLAYS - PN-UH701,1695,0,0
812,/ip/LG-OLED65C2PUA-65-inch-4K-Ultra-High-Definition-OLED-Smart-TV-C2P-Series-with-Additional-4-Year-Coverage-by-Epic-Protect-2022/648226145,<li>OLED EVO: LG's self-lit OLED pixels create beautiful picture quality with infinite contrast; perfect black; and over a billion colors; now even brighter</li><li>Refined Design: Designed slim;</li>,https://i5.walmartimages.com/asr/964be04a-7134-4276-93a7-b8575ee21d91.e5374bae9ec5a755faaa037d33246b1d.jpeg?odnHeight=180&odnWidth=180&odnBg=ffffff,LG OLED65C2PUA 65-inch 4K Ultra High Definition OLED Smart TV C2P Series with Additional 4 Year Coverage by Epic Protect (2022),1819,0,0
813,/ip/LG-86-Class-4K-UHD-Smart-TV-w-AI-ThinQ-NanoCell-75-Series-85NANO75UPA/883813492,"<li>Real 4K NanoCell Display: Nano Colour, Nano Accuracy, Nano Bezel</li><li>7 Gen 4 Processor 4K with AI Picture & AI Sound</li><li>webOS 6.0 & ThinQ AI w/ Magic Remote</li>",https://i5.walmartimages.com/asr/31e33c83-09a2-4d2e-bcaa-343abd815649.a7a3f0f06e8fa53961249825b4e303ad.jpeg?odnHeight=180&odnWidth=180&odnBg=ffffff,"LG 86"" Class 4K UHD Smart TV w/AI ThinQ NanoCell 75 Series 85NANO75UPA",1866.67,4.4,772
814,/ip/SAMSUNG-85-Class-4K-Ultra-HD-2160P-HDR-Smart-QLED-TV-QN85Q60T-2020/829317032,- 85 Display- 4K UHD QLED- 100% Color Volume with Quantum Dot- Dual LED- Quantum HDR- Smart TV Powered by TIZEN- Quantum Processor 4K Lite- ENERGY STAR Certified,https://i5.walmartimages.com/asr/9a99046f-5964-4d40-9150-201b72e39db5.22e33c6c2e8ae0f4a681bdbc46e2bfdb.jpeg?odnHeight=180&odnWidth=180&odnBg=ffffff,SAMSUNG 85 Class 4K Ultra HD (2160P) HDR Smart QLED TV QN85Q60T 2020,1997.99,4.6,2610
815,/ip/SAMSUNG-55-Class-The-Terrace-Outdoor-QLED-4K-Smart-TV-QN55LST7TAFXZA/226048622,"Samsung QN55LST7TA The Terrace 55"" Outdoor-Optimized QLED 4K UHD Smart TV (2020)",https://i5.walmartimages.com/asr/cf7cbedb-3011-41a7-8601-211964ab00ad.deb65e156b1248ce145fcae6fa633567.jpeg?odnHeight=180&odnWidth=180&odnBg=ffffff,"SAMSUNG 55"" Class The Terrace Outdoor QLED 4K Smart TV, QN55LST7TAFXZA",2779,4.6,875
816,/ip/SAMSUNG-85-Class-4K-Ultra-HD-2160P-HDR-Smart-QLED-TV-QN85Q90T-2020/178513507,- 85 Display- 4K UHD QLED- 100% Color Volume with Quantum Dot- Object Tracking Sound- Real Game Enhancer+- Quantum HDR- Smart TV Powered by TIZEN- Quantum Processor 4K Lite- ENERGY STAR Certified,https://i5.walmartimages.com/asr/aa5fbbce-eb26-4162-8797-ef681fd8e99c.f58ae162cb3ced30675c73bdd0a71126.jpeg?odnHeight=180&odnWidth=180&odnBg=ffffff,"SAMSUNG 85"" Class 4K Ultra HD (2160P) HDR Smart QLED TV QN85Q90T 2020",4999.95,4.6,498
817,/ip/Philips-32-Class-HD-720p-Android-Smart-TV-with-Google-Assistant-32PFL5505-F7/498807271,<li>32 inch class HD Smart TV</li><li>AndroidTV with Built-in Google Assistant</li>,https://i5.walmartimages.com/asr/694f2e70-1f04-4878-88ec-1a6301f0093f.7930ff8c05fcd424a538715030a9846d.jpeg?odnHeight=180&odnWidth=180&odnBg=ffffff,"Philips 32"" Class HD (720p) Android Smart TV with Google Assistant (32PFL5505/F7)",148,3.9,145
818,/ip/SAMSUNG-82-Class-4K-Ultra-HD-2160P-HDR-Smart-QLED-TV-QN82Q70T-2020/571136296,"- 3840 x 2160 Resolution - Quantum Processor 4K - 240 Motion Rate - Quantum HDR - Karaoke Mode with 1 Mic InputDESCRIPTIONS SPECS VIDEOS<li>QN82Q70TAFXZA- This TV has an 81.5"" Quantum Dot LCD panel to</li>",https://i5.walmartimages.com/asr/380be3a3-47e1-4f0a-987c-5b9cbf2f900b.4b277283c10e4a41e43fe6af66008510.jpeg?odnHeight=180&odnWidth=180&odnBg=ffffff,SAMSUNG 82 Class 4K Ultra HD (2160P) HDR Smart QLED TV QN82Q70T 2020,2197.99,4.6,1177
819,/ip/Christine-35th-Anniversary-4K-Ultra-HD-Blu-ray/830220722,<li>Gawky teen restores bad '58 Plymouth Fury.</li><li>+ Blu-ray HD</li><li>Year: 1983</li><li>Video Release: 1999-08-03</li><li>Studio: Columbia TriStar Home Entertainment</li><li>Genre: Horror</li>,https://i5.walmartimages.com/asr/08802263-233b-47a9-9789-954ecdbe1163_1.3d97948aec451428660b6fa6c76ebbf1.jpeg?odnHeight=180&odnWidth=180&odnBg=ffffff,Christine (35th Anniversary) (4K Ultra HD + Blu-ray),17.04,5,3
820,/ip/TCL-32-Class-3-Series-HD-Smart-Android-TV-32S330/410172726,TCL 32S330 32 768p HD Smart TV,https://i5.walmartimages.com/asr/9a710f89-b34f-4976-ab43-680f47dbe2ce.b4f86e496167659384a585731cd953a9.jpeg?odnHeight=180&odnWidth=180&odnBg=ffffff,"TCL 32"" Class 3-Series HD Smart Android TV - 32S330",131.5,4.5,15
821,/ip/Supersonic-SC-3216STV-32-Smart-LED-LCD-TV-HDTV-Black/606230513,"32"" DLED HD Smart TVBuilt-in ATSC & NTSC SystemHDMI Input CompatibleHDTV 1080p/1080i/720p/576p/576i/480pBuilt-in WiFi 802.11 b/g/nBuilt-in USB Input Allows You to Play Pictures and Music From a Flash",https://i5.walmartimages.com/asr/8d3c321f-c9a9-4977-a11e-9a132416b9aa.e6439b286adf6767956d31a8abe4204a.jpeg?odnHeight=180&odnWidth=180&odnBg=ffffff,"Supersonic SC-3216STV 32"" Smart LED-LCD TV - HDTV - Black",179.98,1,1
822,/ip/Supersonic-SC-1512-15-6-720p-LED-TV-DVD-Combination-AC-DC-Compatible-with-RV-Boat-APC-P11VNT3-11-Outlet-Performance-Surgearrest-Surge-Protector/297229154,"Kit Includes:<li>supersonic Sc-1512 15.6"" 720p Led Tv/dvd Combination, Ac/dc Compatible With Rv/b</li><li>built-in Dvd Player</li><li>compatible With Dvd, Cd, Cd-r/rw, Dvd+/-r/rw, Vcd, Jpeg & Svcd</li>",https://i5.walmartimages.com/asr/274cd05b-5147-483b-95f8-69015fd77680_1.8ac6ff66c90cd492d3d4cbc1db8f9fc2.jpeg?odnHeight=180&odnWidth=180&odnBg=ffffff,"Supersonic SC-1512 15.6"" 720p LED TV/DVD Combination, AC/DC Compatible with RV/Boat & APC P11VNT3 11-Outlet Performance Surgearrest Surge Protector",192.44,0,0
823,/ip/TCL-40-Class-3-Series-FHD-LED-Smart-Android-TV-40S334/668329521,"Full HD (1080p) Resolution: Full high definition (1080p) resolution for excellent detail, color, and contrast.
Google Assistant Built-in: Search for movies and shows across thousands of available",https://i5.walmartimages.com/asr/7f4fd71c-7717-4bce-a821-2603f3c3f6e7.589d9cc4b2b78975dec8fcb428c58e23.jpeg?odnHeight=180&odnWidth=180&odnBg=ffffff,"TCL 40"" Class 3-Series FHD LED Smart Android TV - 40S334",219.99,3.8,15
824,/ip/Restored-Sceptre-55-Class-4K-2160P-LED-TV-U550CV-U-Refurbished/800279182,"<li>Screen Size (Diag.): 54.6""</li><li>Refresh Rate: 60Hz</li><li>HDMI/USB: 4/1</li><li>Wall-Mountable: Yes</li>",https://i5.walmartimages.com/asr/2f164a0d-1bb3-4d60-8cbb-8b906368f847_1.a35751b64c24cde7a314cf2d8ac63c18.png?odnHeight=180&odnWidth=180&odnBg=ffffff,"Restored Sceptre 55"" Class 4K (2160P) LED TV (U550CV-U) (Refurbished)",239.99,3.9,17
825,/ip/ASA-Electronics-ASAJTV24DC-24-in-Jensen-12V-Wall-Mount-LED-TV/381277219,ASA Electronics ASAJTV24DC 24 in. Jensen 12V Wall Mount LED TV,https://i5.walmartimages.com/asr/1b5346a9-7229-45cd-bc00-672ef07fb105_1.2b535af4e090d7625ade53ab88e39ae6.jpeg?odnHeight=180&odnWidth=180&odnBg=ffffff,ASA Electronics ASAJTV24DC 24 in. Jensen 12V Wall Mount LED TV,246.95,0,0
826,/ip/Restored-Sceptre-55-Class-4K-2160P-LED-TV-U550CV-UM-Refurbished/55337054,"<li>Diagonal screen size: 54.64""</li><li>Refresh rate: 120Hz</li><li>Backlight: LED</li><li>Smart Functionality: no</li><li>Inputs (HDMI/USB): 4/1</li>",https://i5.walmartimages.com/asr/34483f6d-5a99-4266-959e-5ed8ec75c44e_1.e4080c57cffc6edaf004a30ed1c0b0cf.jpeg?odnHeight=180&odnWidth=180&odnBg=ffffff,"Restored Sceptre 55"" Class 4K (2160P) LED TV (U550CV-UM) (Refurbished)",249.99,3.7,13
827,/ip/VIZIO-32-1080p-Smart-LED-TV-D32X-D1-2016/396287492,"<li>1. VIZIO Internet Apps Plus - Instantly enjoy the latest hit movies, TV shows, music and even more premium apps straight from the Internet to your TV.</li><li>2. Full-Array LED Backlight -</li>",https://i5.walmartimages.com/asr/1930fa0f-1c11-4f3c-803a-8ea4556ec29b_1.195093149b4db7ad10eb3ffc322cfc11.jpeg?odnHeight=180&odnWidth=180&odnBg=ffffff,"VIZIO 32"" 1080p Smart LED TV D32X-D1 (2016)",269.99,4.4,368
828,/ip/Supersonic-815906027750-23-6-in-Class-Full-HD-LED-TV-DVD-Combination-1080p-60Hz-Mohu-Leaf-30-HDTV-Antenna/55581345,"<li>Diagonal screen size: 23.6""</li><li>Refresh rate: 60Hz</li><li>Backlight: LED</li><li>Smart Functionality: No</li><li>Inputs: (HDMI/B): 1/1</li>",https://i5.walmartimages.com/asr/2a92d1cb-dcc2-4237-b693-9b330948d718.fb786714672bd1b4342f019588f3e0b0.jpeg?odnHeight=180&odnWidth=180&odnBg=ffffff,"Supersonic 815906027750 23.6 in. Class - Full HD, LED TV-DVD Combination - 1080p, 60Hz & Mohu Leaf 30 HDTV Antenna",285.65,5,1
829,/ip/20-Black-Contemporary-LCD-Television-with-DVD-Player/794309551,"19"" LED Television w/ DVD Player - 12V DCJensen made just what you need to upgrade your mobile lounge. This 19"" LED HD TV w/DVD player runs off 12-volt power, giving you a sleek and tidy addition to",https://i5.walmartimages.com/asr/bf6ce71d-d8f5-4530-a793-7379289aae54.00105343dade76f016cded10914c1f3e.jpeg?odnHeight=180&odnWidth=180&odnBg=ffffff,"20"" Black Contemporary LCD Television with DVD Player",305.16,5,0
830,/ip/Restored-VIZIO-43-Class-Quantum-LED-4K-HDR-Smart-TV-M-Series-M43Q6-J04-Refurbished/507946664,"?
<li>Quantum color: combined with a powerful full-array backlight, VIZIO's next-generation Quantum color delivers cinematic color volume with over a billion hues of vibrant color</li><li>Dolby Vision</li>",https://i5.walmartimages.com/asr/d10f0b2c-d80f-4bb2-9356-d42d5d965dc8.59ba267e5cf3f2480b242c24e1de3206.png?odnHeight=180&odnWidth=180&odnBg=ffffff,"Restored VIZIO 43"" Class Quantum LED 4K HDR Smart TV M Series M43Q6-J04 (Refurbished)",369.99,3,2
832,/ip/LG-43-Class-4K-UHD-NanoCell-Web-OS-Smart-TV-with-Active-HDR-75-Series-43NANO75UQA/903063476,<li>webOS22</li><li>A Billion Rich Colors</li><li>Game Optimizer & Dashboard</li>,https://i5.walmartimages.com/asr/f9672598-bdc9-4bd2-b459-e83a6bc53373.17017a542272a71b197ccf89130c0f0c.jpeg?odnHeight=180&odnWidth=180&odnBg=ffffff,"LG 43"" Class 4K UHD NanoCell Web OS Smart TV with Active HDR 75 Series 43NANO75UQA",376.99,4.3,42
833,/ip/Supersonic-24-Inch-1080p-LED-Widescreen-HDTV-w-Remote-HDMI-AC-DC-Compatible/1798140155,"Key FeaturesHDMI input enhances your TV watching and sound experience all with one cableNoise Reduction, noise interference is eliminated providing crisp and clear imagesUSB Input Compatible, plug and",https://i5.walmartimages.com/asr/d9bcce92-a604-4a54-9885-764b40c0ad7c.602de26c0b22aebf0aa94548d869679a.jpeg?odnHeight=180&odnWidth=180&odnBg=ffffff,"Supersonic 24-Inch 1080p LED Widescreen HDTV w/ Remote, HDMI, AC/DC Compatible",424.99,0,0
834,/ip/LG-50-Class-4K-UHD-Smart-NanoCell-TV-with-AI-ThinQ-50NANO75UPA/508157417,50 4K NANO UHD TM120 TV,https://i5.walmartimages.com/asr/c17d5486-0100-4007-8846-888d125078f3.6fe56ec2ab0f4d4e1e54286d44fc4cfe.jpeg?odnHeight=180&odnWidth=180&odnBg=ffffff,"LG 50"" Class 4K UHD Smart NanoCell TV with AI ThinQ 50NANO75UPA",435.3,4.6,623
835,/ip/Elecsung-22-inches-Smart-White-Color-LED-TV-Waterproof-Bathroom-Television-IP66-Shower-TV-ATSC-Tuner-WiFi/1580779515,"<li>IP66 Waterproof- That is safe to use around humid environment. The TV is typically sealed in a way that they can be splashed, rained on, or, in some cases, submerged in water and other liquids and</li>",https://i5.walmartimages.com/asr/1d4b86b4-27ff-457b-b2ff-d36f234a4ae6.aded4cdf7b1aab7549fc64b34d6d8aad.jpeg?odnHeight=180&odnWidth=180&odnBg=ffffff,"Elecsung 22"" inches Smart White Color LED TV Waterproof Bathroom Television IP66 Shower TV ATSC Tuner WiFi",448,0,0
836,/ip/Restored-Samsung-55-Class-QLED-4K-2160P-LED-Smart-TV-QN55Q6DAAFXZA-2021-Refurbished/523319054,"100% Color Volume with Quantum Dot
<li>Content can lose its premium look and feel when colors fade in brighter scenes. The powerful processor optimizes the picture while tiny quantum dots express over</li>",https://i5.walmartimages.com/asr/64f5d247-35c7-4936-b9fe-3fc1f9663775.f8358314afca3d62b694b18a95b9c0c0.jpeg?odnHeight=180&odnWidth=180&odnBg=ffffff,"Restored Samsung 55"" Class QLED 4K (2160P) LED Smart TV QN55Q6DAAFXZA 2021 (Refurbished)",578,4.3,3
837,/ip/VIZIO-50-Inch-4K-Smart-LED-TV-D50U-D1-HSN-2016/267414959,"<li>Coverage for product breakdowns and malfunctions</li><li>24/7 customer support</li><li>Free on-site service for TVs 37"" and above; free shipping for smaller TVs</li><li>Fully transferable with</li>",https://i5.walmartimages.com/asr/6a1f12b7-d443-4900-83f7-e85b128a3515_1.8b604cd8cc78e4fef774c45ea6a826dd.jpeg?odnHeight=180&odnWidth=180&odnBg=ffffff,VIZIO 50-Inch 4K Smart LED TV D50U-D1-HSN (2016),609.99,0,0
838,/ip/LG-43US670H9UA-43-Diagonal-Class-US670H-Series-LED-backlit-LCD-TV-hotel-hospitality-Pro-Centric-Integrated-Pro-Idiom-Smart-webOS-5-0-4K-UHD-2160p-384/468323058,43IN 4K UHD SMART PROIDIOM BLAN HOSPITALITY TV,https://i5.walmartimages.com/asr/ab102993-485e-4452-b7de-fa8cecd15a16.3836a954f038ffc20be1a758e5d2b2bc.jpeg?odnHeight=180&odnWidth=180&odnBg=ffffff,"LG 43US670H9UA - 43"" Diagonal Class US670H Series LED-backlit LCD TV - hotel / hospitality - Pro:Centric with Integrated Pro:Idiom - Smart TV - webOS 5.0 - 4K UHD (2160p) 3840 x 2160 - HDR - edge-lit - ceramic black",661.96,0,0
839,/ip/LG-65-Class-4K-UHD-NanoCell-Web-OS-Smart-TV-with-Active-HDR-75-Series-65NANO75UQA/271113354?athbdg=L1100,<li>webOS22</li><li>A Billion Rich Colors</li><li>Game Optimizer & Dashboard</li>,https://i5.walmartimages.com/asr/46c8ef21-511d-4bd5-bf95-c9facd72931f.230a1d5edf1ea68eeef80be5c868e9cb.jpeg?odnHeight=180&odnWidth=180&odnBg=ffffff,"LG 65"" Class 4K UHD NanoCell Web OS Smart TV with Active HDR 75 Series 65NANO75UQA",676.99,4.4,43
840,/ip/Sony-50-Class-X85K-4K-Ultra-HD-LED-with-Smart-Google-TV-KD50X85K-2022-Model/709633232,"Intelligent TV processing The 4K HDR Processor X1 delivers a picture that is smooth and clear, full of rich colors and detailed contrast.

 Wide spectrum of colors - Reproduces over a billion accurate",https://i5.walmartimages.com/asr/bcc5c9d7-671d-4e1d-b14f-c1033551f9ce.59a184520326bba978578b0d43319924.jpeg?odnHeight=180&odnWidth=180&odnBg=ffffff,Sony 50 Class X85K 4K Ultra HD LED with Smart Google TV KD50X85K- 2022 Model,698,0,0
841,/ip/Sony-55-Class-X85K-4K-Ultra-HD-LED-with-Smart-Google-TV-KD55X85K-2022-Model/835389329?athbdg=L1700,"Sony KD55X85K 55"" 4K HDR LED with PS5 Features Smart TV (2022)",https://i5.walmartimages.com/asr/b9d2bf43-88ac-48e9-990e-5483b1e52439.432c33f462e7e886529f523639482396.jpeg?odnHeight=180&odnWidth=180&odnBg=ffffff,Sony 55 Class X85K 4K Ultra HD LED with Smart Google TV KD55X85K- 2022 Model,798,5,1
842,/ip/Samsung-50-Inch-UHD-4K-Crystal-Smart-LED-TV-2021-Deco-Gear-Soundbar-Subwoofer-Bundle-Plus-Complete-Mounting-Streaming-Kit-AU8000-Series-UN50AU8000/600386801,EW10SAMUN50AU8000,https://i5.walmartimages.com/asr/a6d0ba2e-fe12-4690-9d83-c8e28e6ad090.31999c2285fab6286f014b7459428e5b.jpeg?odnHeight=180&odnWidth=180&odnBg=ffffff,Samsung 50 Inch UHD 4K Crystal UHD Smart LED TV (2021) with Deco Gear Soundbar and Subwoofer Bundle Plus Complete Mounting and Streaming Kit for AU8000 Series (UN50AU8000),799.99,5,2
843,/ip/Sylvox-43-inch-Outdoor-TV-4K-UHD-LED-Smart-Television-Supports-Bluetooth-Wi-Fi-Suitable-for-Partial-Sun/831026428,"<li>SYLVOX Deck SeriesTV: Designed for Partial Sun, IP55 waterproof rating, even if it gets wet by rain, the TV can still work normally. 700nit brightness, to meet the requirements of outdoor viewing</li>",https://i5.walmartimages.com/asr/3040905b-a420-41c2-8b22-84576009671b.9104a2e9fc449bb74e0012a1b057bb74.jpeg?odnHeight=180&odnWidth=180&odnBg=FFFFFF,"Sylvox 43 inch Outdoor TV, 4K UHD LED Smart Television, Supports Bluetooth & Wi-Fi, Suitable for Partial Sun",929,1,1
844,/ip/Sony-75-Class-X80K-4K-Ultra-HD-LED-with-Smart-Google-TV-KD75X80K-2022-Model/485968604?athbdg=L1100,"Intelligent TV processing The 4K HDR Processor X1 delivers a picture that is smooth and clear, full of rich colors and detailed contrast.

Wide spectrum of colors - Reproduces over a billion accurate",https://i5.walmartimages.com/asr/c2867648-d4d2-4fa3-aceb-089c76133910.1f4bf58c97ddd601a6c7ddc731ee2643.jpeg?odnHeight=180&odnWidth=180&odnBg=ffffff,Sony 75 Class X80K 4K Ultra HD LED with Smart Google TV KD75X80K- 2022 Model,998,1,1
845,/ip/Panasonic-TH-75CQE1W-75-in-Class-4K-Entry-Level-Professional-Display/1458225247,"Highly detailed images in 4K resolution (3840 2160) supporting 4K/60p signals for faithful expression of high-quality content. Enables continuous operation 24/7 Operation (98"") or 16/7 Operation",https://i5.walmartimages.com/asr/17a48d31-83a2-40fc-86d0-6a3627c93dcb.9187f3a3ea89c2199357c099e1f3b760.jpeg?odnHeight=180&odnWidth=180&odnBg=ffffff,Panasonic TH-75CQE1W 75 in. Class 4K Entry Level Professional Display,1599.95,0,0
846,/ip/LG-86-Class-4K-UHD-Smart-TV-w-AI-ThinQ-NanoCell-75-Series-85NANO75UPA/883813492,"<li>Real 4K NanoCell Display: Nano Colour, Nano Accuracy, Nano Bezel</li><li>7 Gen 4 Processor 4K with AI Picture & AI Sound</li><li>webOS 6.0 & ThinQ AI w/ Magic Remote</li>",https://i5.walmartimages.com/asr/31e33c83-09a2-4d2e-bcaa-343abd815649.a7a3f0f06e8fa53961249825b4e303ad.jpeg?odnHeight=180&odnWidth=180&odnBg=ffffff,"LG 86"" Class 4K UHD Smart TV w/AI ThinQ NanoCell 75 Series 85NANO75UPA",1866.67,4.4,772
847,/ip/SAMSUNG-75-Class-QLED-4K-2160P-LED-Smart-TV-QN75Q80-2021/686899482,<li>Direct Full Array Experience deep blacks and pure whites with an in-screen LED array.</li><li>Object Tracking Sound Sound that moves with the action.</li><li>Quantum Processor 4K Elevate your</li>,https://i5.walmartimages.com/asr/bb779e21-b81e-49eb-b10b-281cfcfc38f3.30d2a35987715ce765a5ae322c1c429c.jpeg?odnHeight=180&odnWidth=180&odnBg=ffffff,"SAMSUNG 75"" Class QLED 4K (2160P) LED Smart TV QN75Q80 2021",1997.99,4.6,6576
848,/ip/Sony-85-Class-BRAVIA-XR-X90K-4K-HDR-Full-Array-LED-with-Smart-Google-TV-XR85X90K-2022-Model/209989507?athbdg=L1700,Merchandise,https://i5.walmartimages.com/asr/9ae35281-d1a7-46de-bd7f-9898d304bf8b.63645539253676d49ea52289aa932903.jpeg?odnHeight=180&odnWidth=180&odnBg=ffffff,Sony 85 Class BRAVIA XR X90K 4K HDR Full Array LED with Smart Google TV XR85X90K- 2022 Model,1998,0,0
849,/ip/LG-77-Class-4K-UHD-OLED-Web-OS-Smart-TV-with-Dolby-Vision-B2-Series-OLED77B2PUA/634877999?athbdg=L1100,<li>Self-lit pixels</li><li>Ultimate Gaming</li><li>a7 Gen5 AI Processor 4K</li>,https://i5.walmartimages.com/asr/a912c77b-3333-41da-88b9-d4084ffbbe01.e42a19b294a41b88e4e8ab800d8c131b.jpeg?odnHeight=180&odnWidth=180&odnBg=ffffff,"LG 77"" Class 4K UHD OLED Web OS Smart TV with Dolby Vision B2 Series OLED77B2PUA",2096.99,4.7,41
850,/ip/Restored-Philips-43-Class-FHD-1080P-Roku-Smart-LED-TV-43PFL4962-F7-Refurbished/860695862,Merchandise,https://i5.walmartimages.com/asr/fa93cdbb-9dad-4960-9b27-014e37ee3b6a_1.2406d0fa0761ad79d17cab4631d9d2dd.jpeg?odnHeight=180&odnWidth=180&odnBg=ffffff,"Restored Philips 43"" Class FHD (1080P) Roku Smart LED TV (43PFL4962/F7) (Refurbished)",179.99,3.9,7
851,/ip/Restored-SAMSUNG-32-Class-FHD-1080P-Smart-LED-TV-UN32N5300-Refurbished/1810566536,"<li>Diagonal Screen Size: 31.5""</li><li>Resolution: 1080P</li><li>Refresh Rate: 60Hz</li><li>Back light: LED</li><li>Smart Functionality: yes</li><li>Inputs (HDMI/USB): yes, (2/1)</li><li>Model Year:</li>",https://i5.walmartimages.com/asr/9131a3cd-1037-4414-a372-2b51238bc01e_1.3900d87433da5ea565dee737d0511412.jpeg?odnHeight=180&odnWidth=180&odnBg=ffffff,"Restored SAMSUNG 32"" Class FHD (1080P) Smart LED TV (UN32N5300) [Refurbished]",219.97,4.4,940
852,/ip/JVC-50-Class-4K-2160p-LED-TV-LT-50MAW500/697262965,Merchandise,https://i5.walmartimages.com/asr/57959eb3-00bc-483e-b0bc-128fe6ed022b.7bc7f7e6d30a9ca237fc85631cc507b1.jpeg?odnHeight=180&odnWidth=180&odnBg=ffffff,"JVC 50"" Class 4K (2160p) LED TV (LT-50MAW500)",229.98,4,188
853,/ip/Sony-65-Class-KD65X750H-4K-UHD-LED-Android-Smart-TV-HDR-BRAVIA-750H-Series/931331153,"<li>Upscale everything with the 4K Processor X1 and 4K X-Reality PRO.</li><a href=""https://dealersource.sel.sony.com/ds/s/product/pim-9458#footnote_1"">1</a></sup></li><li>See exactly what</li>",https://i5.walmartimages.com/asr/34892510-daac-48d6-b715-7e27988acbc8.d534e57907197211a2787c9372598e25.jpeg?odnHeight=180&odnWidth=180&odnBg=ffffff,"Sony 65"" Class KD65X750H 4K UHD LED Android Smart TV HDR BRAVIA 750H Series",748,4.2,191
854,/ip/SAMSUNG-43-Class-4K-UHD-2160P-The-Frame-QLED-Smart-TV-QN43LS03T-2020/208408111,"SAMSUNG 43-inch Class FRAME QLED LS03 Series - 4K UHD Dual LED Quantum HDR Smart TV (QN43LS03TAFXZA, 2020 Model)<li>100% COLOR VOLUME WITH QUANTUM DOT: Quantum dots produce over a billion shades of</li>",https://i5.walmartimages.com/asr/2ababea6-878c-431f-b195-faf513272d92.3623d63f41e63755fdf8b596aa8fc24b.jpeg?odnHeight=180&odnWidth=180&odnBg=ffffff,"SAMSUNG 43"" Class 4K UHD (2160P) The Frame QLED Smart TV QN43LS03T 2020",997.99,4.4,649
855,/ip/Samsung-QN55Q70AA-55-Class-UHD-HDR-QLED-4K-Smart-TV-with-Samsung-HW-A650-3-1CH-Soundbar-and-Subwoofer-2021/785287111,<li>Samsung TV: QUANTUM PROCESSOR 4K: Elevate your picture to 4K with machine based AI</li><li>Samsung TV: MOTION XCELERATOR TURBO+: Exceptional motion enhancements up to 4K 120Hz</li><li>Samsung TV:</li>,https://i5.walmartimages.com/asr/56ecf6b2-736a-40c3-8eaa-699316f18fdc.10373d4ea6d8aabdbe2985500a19a41e.jpeg?odnHeight=180&odnWidth=180&odnBg=FFFFFF,"Samsung QN55Q70AA 55"" Class UHD HDR QLED 4K Smart TV with Samsung HW-A650 3.1CH Soundbar and Subwoofer (2021)",1177.98,0,0
856,/ip/SAMSUNG-55-Class-4K-Ultra-HD-2160P-HDR-Smart-QLED-TV-QN55Q90T-2020/347039583,4K QLED doesnt get any better than this. Experience razor-sharp clarity and striking contrast thanks to an intuitive array of LED backlighting. All that spectacle is automatically upscaled to 4K,https://i5.walmartimages.com/asr/4125668f-c695-4b1e-b285-568b8a0aee12.f58ae162cb3ced30675c73bdd0a71126.jpeg?odnHeight=180&odnWidth=180&odnBg=ffffff,"SAMSUNG 55"" Class 4K Ultra HD (2160P) HDR Smart QLED TV QN55Q90T 2020",1597.99,4.6,496
857,/ip/MegaMounts-Versitile-Full-Motion-Television-Mount-for-17-55-LCD-LED-and-Plasma-Televisions-with-Tilt-and-Swivel-Motion-with-HDMI-Cable/691878386,"MegaMounts Versitile Full Motion Television Mount for 17""- 55"" LCD, LED and Plasma Televisions with Tilt and Swivel Motion with HDMI Cable",https://i5.walmartimages.com/asr/404b5e85-2848-41ad-a91a-3c04dd893342_1.d6571f4fbb95ad1e4af5097332ce0217.jpeg?odnHeight=180&odnWidth=180&odnBg=ffffff,"MegaMounts Versitile Full Motion Television Mount for 17""- 55"" LCD, LED and Plasma Televisions with Tilt and Swivel Motion with HDMI Cable",26.4,0,0
858,/ip/MegaMounts-Smooth-Black-Matt-Finish-Fixed-Television-Mount-for-32-70-LCD-LED-and-Plasma-Televisions/256652989,Merchandise,https://i5.walmartimages.com/asr/f0ce5a96-7c13-4483-9f62-6b6ffd0867be_1.57ba0c77dc7d22b814d93f4cf518b86a.jpeg?odnHeight=180&odnWidth=180&odnBg=ffffff,"MegaMounts Smooth Black Matt Finish Fixed Television Mount for 32""- 70"" LCD, LED and Plasma Televisions",46,0,0
859,/ip/Xtrasaver-OEM-Replacement-Vizio-Base-Tabletop-TVs-Stand-Legs-TV-Pedestal-Feet-sub-V-Series-65-Class-4K-HDR-Smart-V655-J09-Screws-Included-Used-Like-N/672099117,"Xtrasaver OEM Replacement Vizio Base Tabletop TVs StandLegsand TV Pedestal FeetCompatible withVizio V-Series 65"" Class 4K HDR Smart TV (V655-J09), Screws Included<li>Product Feature: Better viewing</li>",https://i5.walmartimages.com/asr/dad63544-0728-44d2-aa34-a5e0c3281842.1eb3afc52b8f1c444861c304ab2a56bb.png?odnHeight=180&odnWidth=180&odnBg=ffffff,"Xtrasaver OEM Replacement Vizio Base Tabletop TVs Stand Legs and TV Pedestal Feet sub for Vizio V-Series 65"" Class 4K HDR Smart TV (V655-J09), Screws Included  - Used Like New",59.99,0,0
860,/ip/LEADSTAR-D5-ATSC-Digital-TV-Player-5-inch-Screen-Portable-Pocket-TV-Car-Television-Player-TF-Card-U-Disk-Playback-wit/348116172,"<li>Comes with 5-inch 16:9 digital LED, 800*480 resolution, 165 degree viewing angle.</li><li>Supports , TF card reading, U disk reading, 3 playback modes.</li><li>Connecting the external antenna to</li>",https://i5.walmartimages.com/asr/b7f5b4f4-d3c2-4574-aa8a-51fc3d5612af.68bac7e8968d7cbbbe4ee9840b6d1e0c.jpeg?odnHeight=180&odnWidth=180&odnBg=ffffff,LEADSTAR D5 ATSC Digital TV Player 5 inch Screen Portable Pocket TV Car Television  Player   TF Card U Disk Playback wit,67.49,0,0
861,/ip/LEADSTAR-Mini-7-inch-ATSC-Digital-Analog-Television-800x600-Resolution-Portable-Video-Player-Support-PVR-USB-TF-Card-800mah-Battery/273781384,"<li>Providing a ~ 240V universal power supply adapter, adopting DC input design is more secure.</li><li>Support U disk and TF card</li><li>Support MKV, MOV, AVI, WMV, MP4, FLV, MPEG1-4, MP3 format.</li>",https://i5.walmartimages.com/asr/7ba5e1fe-a8ae-49de-9ff3-0b3452ba4850.a105e2ca37f50b538ab3a9d3c63e1a93.jpeg?odnHeight=180&odnWidth=180&odnBg=ffffff,LEADSTAR Mini 7 inch ATSC Digital Analog Television 800x600 Resolution Portable Video Player Support PVR USB TF Card 800mah Battery,82.99,0,0
862,/ip/Trexonic-Portable-Ultra-Lightweight-Widescreen-12-LED-TV-With-HDMI-SD-MMC-USB-VGA-Headphone-Jack-AV-Inputs-Output-And-Built-in-Digital-Tuner-Detachab/423190854,<div><li>Detachable Telescope Antenna</li><li>Panel : 12-inch LED Widescreen</li><li>Resolution: 1280 x 800</li><li>Aspect Ratio : 16:9</li><li>Peak Brightness : 500cd/m2</li><li>Contrast Ratio :</li></div>,https://i5.walmartimages.com/asr/9de42daf-9c7a-48c0-a90e-1c8fddb45d7e_1.e5e055f3d7fc4172c03da80cb94cdce9.jpeg?odnHeight=180&odnWidth=180&odnBg=ffffff,"Trexonic Portable Ultra Lightweight Widescreen 12"" LED TV With HDMI, SD, MMC, USB, VGA, Headphone Jack, AV Inputs and Output And Built-in Digital Tuner and Detachable Antenna",99.99,4.2,189
863,/ip/LEADSTAR-10-Inch-Portable-Digital-ATSC-TFT-HD-Screen-Freeview-LED-TV-Video-Player-for-Car-Caravan-Camping-Outdoor-or-Kitchen-Support-USB-Card/782274683,"<li>Providing a ~ 240V universal power supply adapter, adopting DC input design is more secure.</li><li>Support U disk and TF card; Support high birate decoding; Support 1080p video.</li><li>Support</li>",https://i5.walmartimages.com/asr/b6fa0d51-97c9-42bb-9795-b76c6002d573.8b841dc5744a229187b362675f031cf4.jpeg?odnHeight=180&odnWidth=180&odnBg=ffffff,LEADSTAR 10 Inch Portable Digital ATSC TFT HD Screen Freeview LED TV Video Player for Car Caravan Camping Outdoor or Kitchen Support USB Card,99.99,0,0
864,/ip/ACOUTO-Portable-TV-LEADSTAR-14-Inch-Digital-TV-Portable-Television-With-Stand-For-Home-Car-Outdoor-Travel-EU-Plug-110-220V-HD-Screen-LED-TV/784674352,"<li>This portable TV is suitable for ISDBT, can watch analog TV, digital TV and ATV.</li><li>Equipped with 1800mAh rechargeable lithium battery that supply for outdoor use.</li><li>Support HD TV</li>",https://i5.walmartimages.com/asr/9ed97a6b-47ac-4fdc-8537-e24022660176.90341ccfd813d5be681a1b138b749282.jpeg?odnHeight=180&odnWidth=180&odnBg=ffffff,"ACOUTO Portable TV,LEADSTAR 14 Inch Digital TV Portable Television With Stand For Home Car Outdoor Travel EU Plug 110220V,HD Screen LED TV",133.23,0,0
865,/ip/16-Inch-Portable-Digital-TV-Portable-Television-Multifunctional-With-1800mah-Rechargeable-Lithium-Battery-For-Outdoor/1697975821,"<li>Superior Performance: High sensitivity tuner, support function, can enhance signal receiving ability.</li><li>Large Capacity Battery: Equipped with 1800mAh, rechargeable lithium battery for</li>",https://i5.walmartimages.com/asr/4a510280-b408-4c1c-b584-344c001d9938.5511439a35bf5e44b1660b13c1b45e1f.jpeg?odnHeight=180&odnWidth=180&odnBg=ffffff,"16 Inch Portable Digital TV, Portable Television Multifunctional With 1800mah Rechargeable Lithium Battery For Outdoor",144.39,0,0
866,/ip/Supersonic-19-Class-LED-HDTV-with-USB-and-HDMI-Inputs/23142954?athbdg=L1600,"<li>18.5"" diagonal screen size</li><li>HDMI Inputs: 1</li><li>Wall-mountable</li>",https://i5.walmartimages.com/asr/5686f5e3-6f91-448f-9db9-8b94c4cad531.a24efa1a5b592e8ac5c2ce97c2a430a7.jpeg?odnHeight=180&odnWidth=180&odnBg=ffffff,"Supersonic 19"" Class LED HDTV with USB and HDMI Inputs",148.94,2.7,20
867,/ip/Supersonic-22-Class-1920x1080p-LED-Widescreen-HDTV-AC-DC-Compatible-with-RVs-and-Boats/33842027,"<li>21.5"" diagonal screen size</li><li>HDMI Inputs: 1</li><li>Wall-mountable</li>",https://i5.walmartimages.com/asr/40dba0c7-4c95-4781-99f7-74df8f0cf101.9655fe81debd6a3bc0cda1d0f796ff2c.jpeg?odnHeight=180&odnWidth=180&odnBg=ffffff,"Supersonic 22"" Class 1920x1080p LED Widescreen HDTV AC/DC Compatible with RVs and Boats",152.99,3.8,20
868,/ip/Restored-TCL-32-Class-HD-1080P-Roku-Smart-LED-TV-32S327-B-Refurbished/792423189,Merchandise,https://i5.walmartimages.com/asr/b9abe72d-7f74-4e24-b17c-835138d1d005_1.3bbb08ef3f5b8ac0dbedde84ad1a1a0b.jpeg?odnHeight=180&odnWidth=180&odnBg=ffffff,"Restored TCL 32"" Class HD (1080P) Roku Smart LED TV (32S327-B) (Refurbished)",164,4,59
870,/ip/RCA-40-Class-FHD-1080P-LED-TV-RLDED4016A/54898733,"<li>Diagonal Screen Size: 40""</li><li>Refresh Rate: 60Hz</li><li>Backlight Type: LED</li><li>Smart Functionality: no</li><li>Add on a 2 or 3-year warranty with this product to become eligible for</li>",https://i5.walmartimages.com/asr/07337033-80a6-49e8-a21c-ad17fabae892_1.6a8a6d21336bdcbbbd88e92b3e8becfd.jpeg?odnHeight=180&odnWidth=180&odnBg=ffffff,"RCA 40"" Class FHD (1080P) LED TV (RLDED4016A)",169.99,4.1,1097
871,/ip/Westinghouse-24-LED-720p-TV/498735384,"Westinghouse 24"" LED 720p TV!",https://i5.walmartimages.com/asr/344b1c39-d8e4-4e20-8162-2bb45e6f2c2c.251a62b15824269f8c5c872d03228281.jpeg?odnHeight=180&odnWidth=180&odnBg=ffffff,"Westinghouse 24"" LED 720p TV!",179.9,0,0
872,/ip/24-in-Class-LED-TV-DVD-44-Media-Player-Car-Package/289020431,"24 in. Class LED TV & DVD, Media Player & Car Package",https://i5.walmartimages.com/asr/d50dd97a-3d53-4d19-b096-a291aaaea18b_1.5ccd3592f4474acbff48d9d88b564865.jpeg?odnHeight=180&odnWidth=180&odnBg=ffffff,"24 in. Class LED TV & DVD, Media Player & Car Package",203.26,4,1
873,/ip/Supersonic-815906027699-19-in-HDTV-Digital-LED-TV-Antenna/55581339,"<li>Diagonal screen size: 19""</li><li>Refresh rate: 60Hz</li><li>Backlight: LED</li><li>Smart Functionality: No</li><li>Inputs: (HDMI): 1</li>",https://i5.walmartimages.com/asr/72cad521-106e-41fd-baab-cd8bc2b061ec.cfedb2792f08e67fdc10accb020be6ae.jpeg?odnHeight=180&odnWidth=180&odnBg=ffffff,Supersonic 815906027699 19 in. HDTV Digital LED TV & Antenna,204.72,0,0
874,/ip/SANSUI-ES43S1A-43-inch-UHD-HDR-Smart-TV-with-Google-Assistant-Voice-Control-Screen-Share-HDMI-USB-2021-Model/303579420,[4K Ultra HD Resolution & HDR TECHNOLOGY]-SANSUI smart tv 4k stunning ultra HD supplies four times the resolution of FULL HD which enhanced clarity and detail of the TVs image. This small smart TV,https://i5.walmartimages.com/asr/4e489dbb-4525-46f0-83d0-7a8ba3b07f64.2d26f221e6afae93df3557a236ff9519.jpeg?odnHeight=180&odnWidth=180&odnBg=ffffff,"SANSUI ES43S1A, 43 inch UHD HDR Smart TV with Google Assistant (Voice Control), Screen Share, HDMI, USB(2021 Model)",249.99,0,0
875,/ip/Supersonic-815906027743-24-in-Class-Full-HD-LED-TV-1080p-60Hz-SC-2411-Mohu-Leaf-30-HDTV-Antenna/55581344,,https://i5.walmartimages.com/asr/28996331-8932-4217-8689-8fae54906f3c.8962421e2bd31a102293d7f498735779.jpeg?odnHeight=180&odnWidth=180&odnBg=ffffff,"Supersonic 815906027743 24 in. Class - Full HD, LED TV - 1080p, 60Hz SC-2411 & Mohu Leaf 30 HDTV Antenna",271.65,0,0
876,/ip/Restored-TCL-55-Class-6-Series-4K-QLED-Dolby-Vision-HDR-Smart-Roku-TV-55R635-B-Refurbished/958136137,"<li>Mini-LED: Backlight technology brings uncompromised contrast, brightness, and uniformity for incredible viewing in any environment.</li><li>QLED: Quantum dot technology delivers better brightness</li>",https://i5.walmartimages.com/asr/9dc28a09-7d65-47f4-a629-4091a2e55b88.596d0abb4157952100df8a12845bcafd.jpeg?odnHeight=180&odnWidth=180&odnBg=ffffff,"Restored TCL 55"" Class 6-Series 4K QLED Dolby Vision HDR Smart Roku TV - 55R635-B (Refurbished)",599.97,2.6,14
877,/ip/Sony-50-Class-KD50X85J-4K-Ultra-HD-LED-Smart-Google-TV-with-Dolby-Vision-HDR-X85J-Series-2021-model/289567222?athbdg=L1700,"- 4K UHD 3840 x 2160 LED Panel- HDR10, HLG, Dolby Vision Compatibility- Motionflow XR 960 Technology- Built-In Wi-Fi & Ethernet Connectivity- Google TV OS- Access the Google Play Store & Apps- Apple",https://i5.walmartimages.com/asr/c44ec134-2edd-4730-8a2c-6e82927cbbb3.f261c1ebf5df24b8bd66ca89e10ee101.jpeg?odnHeight=180&odnWidth=180&odnBg=ffffff,"Sony 50"" Class KD50X85J 4K Ultra HD LED Smart Google TV with Dolby Vision HDR X85J Series 2021 model",698,4.5,426
878,/ip/VIZIO-70-Class-MQ6-Series-4K-QLED-HDR-Smart-TV-NEW-2023-Online-Only-M70Q6M-K03/1742384195,"VIZIO M-Series Quantum 70"" Class4K HDR Smart TV",https://i5.walmartimages.com/asr/e4b19dc4-855a-4ac0-ab7c-1468c6a945e7.d8fc646ff342b17d6a060a64bc3c9de7.jpeg?odnHeight=180&odnWidth=180&odnBg=ffffff,"VIZIO 70"" Class MQ6 Series 4K QLED HDR Smart TV NEW 2023 (Online Only) M70Q6M-K03",748,4.9,15
879,/ip/Hisense-65H8G1-65-4K-UHD-ULED-H8-Quantum-Dolby-Vision-Smart-TV-with-an-Additional-4-Year-Coverage-by-Epic-Protect-2021/380701829,<li>4K ULED: Take your picture from great to incredible. The picture quality of the H8G Quantum is driven by Hisense's exclusive ULED technologies; which drive the PQ enhancing algorithms to boost</li>,https://i5.walmartimages.com/asr/38d35744-fc1f-407d-98cc-e0d58ed2467a.adf10fad32980c81d734aaa03122f6b6.jpeg?odnHeight=180&odnWidth=180&odnBg=ffffff,"Hisense 65H8G1 65"" 4K UHD ULED H8 Quantum Dolby Vision Smart TV with an Additional 4 Year Coverage by Epic Protect (2021)",778,0,0
880,/ip/Samsung-QN65Q60BAFXZA-Q60B-65-inch-QLED-4K-Quantum-Dual-LED-HDR-Smart-TV-2022-Bundle-with-Premium-4-Year-Extended-Warranty/668952495?athbdg=L1700,E94SAMQN65Q60BA<li>INCLUDED IN THE BOX:</li><li>Samsung Q60B QLED 4K Quantum Dual LED HDR Smart TV (2022)</li><li>Remote</li><li>User Manual</li><li>E-Manual</li><li>Power Cable</li><li>Limited</li>,https://i5.walmartimages.com/asr/f47bfeee-8b77-420b-bf18-80553f145e95.663edfd0bc32772e88d003c6f84c9c17.jpeg?odnHeight=180&odnWidth=180&odnBg=ffffff,Samsung QN65Q60BAFXZA Q60B 65 inch QLED 4K Quantum Dual LED HDR Smart TV 2022 Bundle with Premium 4 Year Extended Warranty,909.99,0,0
881,/ip/Sony-75-Class-X85K-4K-Ultra-HD-LED-with-Smart-Google-TV-KD75X85K-2022-Model/224440214?athbdg=L1700,Merchandise,https://i5.walmartimages.com/asr/b9d2bf43-88ac-48e9-990e-5483b1e52439.432c33f462e7e886529f523639482396.jpeg?odnHeight=180&odnWidth=180&odnBg=ffffff,Sony 75 Class X85K 4K Ultra HD LED with Smart Google TV KD75X85K- 2022 Model,1198,0,0
882,/ip/Samsung-43-Class-The-Serif-QLED-4K-UHD-HDR-Smart-TV-2020-QN43LS01/610338951,"It does not belong to the world of television, but it belongs to the world we live in. Blurring the line between design and technology, Samsung introduces The Serif. The Samsung 43"" Class The Serif",https://i5.walmartimages.com/asr/c83408b5-83d2-46d0-ada5-23a5fc49d461.025f535553beb2c911b64c7314ce0c2e.jpeg?odnHeight=180&odnWidth=180&odnBg=ffffff,"Samsung 43"" Class The Serif QLED 4K UHD HDR Smart TV (2020), QN43LS01",1499.95,4.6,804
883,/ip/SAMSUNG-85-Inch-Class-QLED-Q80B-Series-4K-UHD-Direct-Full-Array-Quantum-HDR-12X-Smart-TV-Sanus-VLT7-B2-42-90-Large-Advanced-Tilt-4D-Wall-Mount-2022/336192209,<li>DIRECT FULL ARRAY: Watch the deep blacks and bright whites pop from LED lights directly behind your screen</li><li>QUANTUM PROCESSOR WITH 4K UPSCALING: Enjoy your picture automatically converted</li>,https://i5.walmartimages.com/asr/60a5c32d-e231-4907-9ddd-ef21a57a41d5.11e2a889a920735aef5be437e544288d.jpeg?odnHeight=180&odnWidth=180&odnBg=ffffff,"SAMSUNG 85-Inch Class QLED Q80B Series - 4K UHD Direct Full Array Quantum HDR 12X Smart TV with a Sanus VLT7-B2 42""-90"" Large Advanced Tilt 4D TV Wall Mount (2022)",2329.99,0,0
884,/ip/SAMSUNG-65-Class-QN95B-Neo-QLED-4K-Smart-TV-QN65QN95BAFXZA-2022/875327077?athbdg=L1700,"See the brilliance of our best 4Kwith nearly no bezel or glare, and Mini LED precision.",https://i5.walmartimages.com/asr/20a7a4f3-12a8-4ea9-a99b-4d79659b7d29.fb0ed21f16a6f9acb05bcbfde8f2dec1.jpeg?odnHeight=180&odnWidth=180&odnBg=ffffff,SAMSUNG 65 Class QN95B Neo QLED 4K Smart TV QN65QN95BAFXZA 2022,2397.99,0,0
885,/ip/Sony-XR65A90J-65-inch-OLED-4K-HDR-Ultra-Smart-TV-2021-Model-Bundle-with-Premium-4-Year-Extended-Protection-Plan/338138338,"E94SNXR65A90J<li>Sony XR65A90J 65"" OLED 4K HDR Ultra Smart TV (2021 Model)</li><li>AC Power Cord</li><li>Batteries</li><li>Operating Instructions</li><li>Quick Setup Guide</li><li>Table Top Stand</li>",https://i5.walmartimages.com/asr/cc9c2853-e4a5-4a8b-9dba-1c4e0c7a5d5d.c19d69cd8e9aa18df17a43ef834bf588.jpeg?odnHeight=180&odnWidth=180&odnBg=ffffff,Sony XR65A90J 65 inch OLED 4K HDR Ultra Smart TV 2021 Model Bundle with Premium 4 Year Extended Protection Plan,2498,4.6,75
886,/ip/SAMSUNG-85-Inch-Class-QLED-Q80B-Series-4K-UHD-Direct-Full-Array-Quantum-HDR-12X-Smart-TV-Sanus-Systems-VLF728-B2-Motion-Wall-Mount-2022/552165554,<li>DIRECT FULL ARRAY: Watch the deep blacks and bright whites pop from LED lights directly behind your screen</li><li>QUANTUM PROCESSOR WITH 4K UPSCALING: Enjoy your picture automatically converted</li>,https://i5.walmartimages.com/asr/4b5893c7-2a68-47a8-96e6-3f15b6535943.7c06143c7fc1caf64b3b369ce31da120.jpeg?odnHeight=180&odnWidth=180&odnBg=ffffff,SAMSUNG 85-Inch Class QLED Q80B Series - 4K UHD Direct Full Array Quantum HDR 12X Smart TV with a Sanus Systems VLF728-B2 Full Motion Wall Mount (2022),2579.99,0,0
887,/ip/Sony-77-Class-A80K-4K-HDR-OLED-TV-with-smart-Google-TV-XR77A80K-2022-Model/758637420,"SNXR77A80K<li>Sony Bravia XR A80K 77"" 4K HDR OLED Smart TV XR77A80K (2022 Model)</li><li>Remote Control</li><li>Stand</li><li>Power Cord</li><li>Manual and Documentation</li><li>Sony Warranty</li>",https://i5.walmartimages.com/asr/8fe49423-5e98-44d8-bb07-9ee95ff3b324.a30fc2a8c7088f6dbaacbb50f1e06d2a.jpeg?odnHeight=180&odnWidth=180&odnBg=ffffff,Sony 77 Class A80K 4K HDR OLED TV with smart Google TV XR77A80K- 2022 Model,2675,0,0
888,/ip/Sony-85-Class-XR85X95J-BRAVIA-XR-Full-Array-LED-4K-Ultra-HD-Smart-Google-TV-with-Dolby-Vision-HDR-X95J-Series-2021-Model/203634554,"- 4K UHD 3840 x 2160 LED Panel- HDR10, HLG, Dolby Vision Compatibility- XR Motion Clarity Technology- Built-In Wi-Fi & Ethernet Connectivity- Google TV- Access the Google Play Store & Apps- Apple",https://i5.walmartimages.com/asr/19f0bd8e-797d-4023-8b97-33d30c3c1ba3.8c76e4bb2db65bcac30db968669d0cf1.jpeg?odnHeight=180&odnWidth=180&odnBg=ffffff,"Sony 85"" Class XR85X95J BRAVIA XR Full Array LED 4K Ultra HD Smart Google TV with Dolby Vision HDR X95J Series 2021 Model",2688.88,4.1,23
889,/ip/Sony-75-Class-BRAVIA-XR-X95K-4K-HDR-Mini-LED-with-Smart-Google-TV-XR75X95K-2022-Model/282037495,"Sony XR75X95K 75"" 4K Smart BRAVIA XR HDR Mini LED TV (2022)",https://i5.walmartimages.com/asr/4febe05f-efbe-42e7-a7ef-dfc75eed6470.acef6142763f0a98f0f5cb5193f02815.jpeg?odnHeight=180&odnWidth=180&odnBg=ffffff,Sony 75 Class BRAVIA XR X95K 4K HDR Mini LED with Smart Google TV XR75X95K- 2022 Model,2699,0,0
890,/ip/Sceptre-50-Class-TV-2160p-Android-Smart-4K-LED-TV-with-Google-Assistant-A518CV-U/980991206,"<li>Screen Size (Diag.): 50""</li><li>Backlight Type: LED</li><li>Resolution: 2160p</li><li>Effective Refresh Rate: 60Hz</li><li>Aspect Ratio: 16:9</li><li>Smart Functionality: Yes</li>",https://i5.walmartimages.com/asr/df22c084-cd35-4e5b-98c4-fce00b2100aa_1.829c8d0e26f28d8e07b04cf258c913d1.jpeg?odnHeight=180&odnWidth=180&odnBg=ffffff,"Sceptre 50"" Class TV (2160p) Android Smart 4K LED TV with Google Assistant (A518CV-U)",268,3.6,495
891,/ip/Hisense-65-Class-4K-UHD-LED-Roku-Smart-TV-HDR-65R8F/238573983,"Hisense Roku 65"" R8F Series 4K ULED HDR Smart TV 65R8F",https://i5.walmartimages.com/asr/b4ab1b50-d169-484c-a4d5-84fc3fa50bc2_2.03f51f70e035c849d343be95dd3c597c.jpeg?odnHeight=180&odnWidth=180&odnBg=FFFFFF,"Hisense 65"" Class 4K UHD LED Roku Smart TV HDR 65R8F",699.99,4.3,9
892,/ip/LG-75-Class-4K-UHD-2160P-Smart-TV-75UN7370PUE-2020-Model/130437441,"<li style=""margin: 0px 0px 0px 4px; line-height: 1.43; color: rgb(109, 110, 113); font-family: bogleweb, ""helvetica neue"", helvetica, arial, sans-serif; font-size: 14px;"">Diagonal Screen Size: 74.5""</li>",https://i5.walmartimages.com/asr/d40381a6-d45b-48b4-a010-158c93e5fd44_3.1696d90424ce4f2b01cabf9c8c9e7b49.jpeg?odnHeight=180&odnWidth=180&odnBg=ffffff,"LG 75"" Class 4K UHD 2160P Smart TV 75UN7370PUE 2020 Model",996.99,4.5,1218
893,/ip/SAMSUNG-QN32Q60AA-32-QLED-Quantum-HDR-4K-Smart-TV-with-Enclave-EA-200-HTIB-US-CineHome-II-CineHub-Edition-5-1Ch-Speakers-2021/715398027,<li>100% Color Volume with Quantum Dot A billion stay-true shades of breathtaking color</li><li>AirSlim: Elevate your space with a TV so slim; so expansive; and so powerful it defies logic</li>,https://i5.walmartimages.com/asr/0de5d6d2-2369-421f-8ded-3d8cf3823cfb.0622d1426da2efe0ea7ab6e380703d6d.jpeg?odnHeight=180&odnWidth=180&odnBg=FFFFFF,"SAMSUNG QN32Q60AA 32"" QLED Quantum HDR 4K Smart TV with Enclave EA-200-HTIB-US CineHome II CineHub Edition 5.1Ch Speakers (2021)",1477.98,0,0
894,/ip/SAMSUNG-75-Class-8K-Ultra-HD-4320P-HDR-Smart-QLED-TV-QN75Q800T-2020/261330795,"SAMQN75Q800TA<li>QN75Q800TA 75"" Q800T QLED 8K UHD HDR Smart TV (2020 Model)</li><li>QLED Standard Smart Remote</li><li>Remote Control Battery</li><li>Power Cable</li><li>User Manual</li><li>E-Manual</li>",https://i5.walmartimages.com/asr/30d87834-8767-4fc8-8376-8986bbf49c4b.4e122a0d07bd09b2999f81de73745a0c.jpeg?odnHeight=180&odnWidth=180&odnBg=ffffff,"SAMSUNG 75"" Class 8K Ultra HD (4320P) HDR Smart QLED TV QN75Q800T 2020",3997.99,4.7,476
895,/ip/Xtrasaver-OEM-Replacement-Vizio-Base-Tabletop-TVs-Stand-Legs-TV-Pedestal-Feet-sub-V-Series-55-Class-4K-HDR-Smart-V555-J01-Screws-Included-Used-Like-N/232242282,"Xtrasaver OEM Replacement Vizio Base Tabletop TVs StandLegsand TV Pedestal FeetCompatible withVizio V-Series 55"" Class 4K HDR Smart TV (V555-J01), Screws Included<li>Product Feature: Better viewing</li>",https://i5.walmartimages.com/asr/0c10bd35-2ea1-4bf8-9e5a-c8ec3bd8906d.6b6b44420a7c23961c472d8717878ae0.png?odnHeight=180&odnWidth=180&odnBg=ffffff,"Xtrasaver OEM Replacement Vizio Base Tabletop TVs Stand Legs and TV Pedestal Feet sub for Vizio V-Series 55"" Class 4K HDR Smart TV (V555-J01), Screws Included - Used Like New",49.99,0,0
896,/ip/Xtrasaver-OEM-Replacement-Vizio-Base-Tabletop-TVs-Stand-Legs-TV-Pedestal-Feet-sub-V-Series-58-Class-4K-HDR-Smart-V585-J01-Screws-Included-Used-Like-N/159254366,"Xtrasaver OEM Replacement Vizio Base Tabletop TVs StandLegsand TV Pedestal FeetCompatible withVizio V-Series 58"" Class 4K HDR Smart TV (V585-J01), Screws Included<li>Product Feature: Better viewing</li>",https://i5.walmartimages.com/asr/2ec9c270-0161-45d8-918b-e81ba06b8e33.88fc51e41a7b2450cebc4db151d7b6fa.png?odnHeight=180&odnWidth=180&odnBg=ffffff,"Xtrasaver OEM Replacement Vizio Base Tabletop TVs Stand Legs and TV Pedestal Feet sub for Vizio V-Series 58"" Class 4K HDR Smart TV (V585-J01), Screws Included - Used Like New",49.99,0,0
897,/ip/Restored-Sceptre-32-Class-HD-720P-LED-TV-X322BV-SR-Refurbished/307716023?athbdg=L1100,"Refurbished Sceptre 32"" Class HD (720P) LED TV (X322BV-SR)",https://i5.walmartimages.com/asr/94d7b7ea-fca8-438f-9289-34856ab5be9c_1.f2b4fefcfd887e87e1583b61224e8fa7.jpeg?odnHeight=180&odnWidth=180&odnBg=ffffff,"Restored Sceptre 32"" Class HD (720P) LED TV (X322BV-SR) (Refurbished)",69.99,4.4,57
898,/ip/LEADSTAR-Mini-7-inch-ATSC-Digital-Analog-Television-800x600-Resolution-Portable-Video-Player-Support-PVR-USB-TF-Card-800mah-Battery/781972019,"<li>Providing a 110V ~ 240V universal power supply adapter, adopting DC 12V input design is more secure.</li><li>Support U disk and TF card</li><li>Support MKV, MOV, AVI, WMV, MP4, FLV, MPEG1-4, MP3</li>",https://i5.walmartimages.com/asr/8fef8f3f-98fe-4e2d-9b8c-dea5ddd1d348.16a2bbef0f9d3d22e2a5b9c8451bcc46.jpeg?odnHeight=180&odnWidth=180&odnBg=ffffff,LEADSTAR Mini 7 inch ATSC Digital Analog Television 800x600 Resolution Portable Video Player Support PVR USB TF Card 800mah Battery,82.99,0,0
899,/ip/Premium-16-Port-RF-Coax-TV-Combiner-Wide-Range-5-1000MHz-Rack-Ready/926268131,Professional 16-Channel CATV RF Combiner 1U Rack-MountableThis CATV combiner is a professional quality passive output combiner designed fro private cable networks employing multiple modulators and,https://i5.walmartimages.com/asr/d46e5b27-2cc4-49af-bc5c-614c4d90238e.ef00a02366d2be9081fbb61d5903d6b6.jpeg?odnHeight=180&odnWidth=180&odnBg=ffffff,Premium 16-Port RF Coax TV Combiner Wide Range 5 -1000MHz Rack Ready,88,0,0
900,/ip/Flat-Mount-with-Post-Installation-Leveling-for-LG-86-in-Stretch-Display-44-Black/806056618,"Flat Mount with Post Installation Leveling for LG 86 in. Stretch Display, Black",https://i5.walmartimages.com/asr/08c7861b-ab1c-4db4-9163-4e77ce9433af.36ec59170c5d8516254639e2963d1740.jpeg?odnHeight=180&odnWidth=180&odnBg=ffffff,"Flat Mount with Post Installation Leveling for LG 86 in. Stretch Display, Black",114.61,0,0
901,/ip/Tyler-TTV705-14-14-Portable-Battery-Powered-LCD-HD-TV-Television-with-HDMI-USB-RCA-and-SD-Card-Inputs/141263332,"Tyler TTV705-14 14"" Portable Battery Powered LCD HD TV Television with HDMI, USB, RCA, and SD Card Inputs",https://i5.walmartimages.com/asr/2365b6bf-a8d2-4d29-b529-98bee2a509a9_1.e7679e573c9eb96d17d5b58124d2fd1b.jpeg?odnHeight=180&odnWidth=180&odnBg=ffffff,"Tyler TTV705-14 14"" Portable Battery Powered LCD HD TV Television with HDMI, USB, RCA, and SD Card Inputs",129.95,4.2,14
902,/ip/Restored-TCL-32-Class-4-Series-HD-Smart-Android-TV-32S334-B-Refurbished/759079710,Online Merchandise,https://i5.walmartimages.com/asr/c8c2cd6b-bcf7-43ba-9ae6-5188c241bfee.b4c6d9ea40753969c76e03a3821ec173.jpeg?odnHeight=180&odnWidth=180&odnBg=ffffff,"Restored TCL 32"" Class 4-Series HD Smart Android TV - 32S334-B (Refurbished)",134,3.8,4
903,/ip/SAMSUNG-Slim-Fit-Wall-Mount-2022-WMN-B50EB-ZA/1547151558,"SAMSUNG Slim Fit TV Wall Mount, Compatible with 2021-2022 Samsung 43- 85 Q Series (Except Q80A, Q80B), Crystal UHD AU8000 Series Televisions (43""-85""), and OLED 55""/65"". Easy Installation, Blends w/",https://i5.walmartimages.com/asr/12d8eb17-7e8e-4926-bd63-66638e6ecb1a.10e06abc231c87eaab6b01c5bcac457b.jpeg?odnHeight=180&odnWidth=180&odnBg=ffffff,SAMSUNG Slim Fit Wall Mount (2022) WMN-B50EB/ZA,147.95,0,0
904,/ip/Fancy-Sync-Box-RGBIC-LED-TV-Backlight-for-Syncing-Ambient-Lighting/1502022434,"Create the ultimate, most immersive viewing experience with synced smart lighting. Connect your HDMI device for a fast, seamless display of responsive & colorful smart LEDs, perfectly reflecting the",https://i5.walmartimages.com/asr/01b10909-110c-4f27-848a-c2e0bdd970c3.80f5dd45f71e6769cd1920a1be093555.jpeg?odnHeight=180&odnWidth=180&odnBg=FFFFFF,Fancy Sync Box RGBIC LED TV Backlight for Syncing Ambient Lighting,149.95,4.7,109
905,/ip/24-in-Widescreen-LED-HDTV/248032402,24 in. Widescreen LED HDTV,https://i5.walmartimages.com/asr/c051f68f-0737-4b17-975e-deb980a243f1.7a52bf4d84919c28fc7b26293864410b.jpeg?odnHeight=180&odnWidth=180&odnBg=ffffff,24 in. Widescreen LED HDTV,174.96,2,2
906,/ip/LG-HDR-Smart-LED-HD-720p-TV-32/414442450,LG32LQ630BPUA<li>LG 32LQ630BPUA 32 Inch HDR Smart LCD HD TV (2022)</li><li>Remote Control</li><li>Remote Control Battery(AAA)</li><li>Power Cable</li><li>Quick Start Guide</li><li>Limited 1-Year</li>,https://i5.walmartimages.com/asr/c24290cc-a3c5-4271-b1d2-2c30fa14cef1.aa7e430db7e1c16dbde9eb4b0e22f880.jpeg?odnHeight=180&odnWidth=180&odnBg=ffffff,LG HDR Smart LED HD 720p TV - 32'',214.9,4.2,25
908,/ip/VIZIO-32-Inch-720p-Smart-LED-TV-D32H-D1-2016/970501825,"<li>Coverage for product breakdowns and malfunctions</li><li>24/7 customer support</li><li>Free on-site service for TVs 37"" and above; free shipping for smaller TVs</li><li>Fully transferable with</li>",https://i5.walmartimages.com/asr/e054779f-43cf-45ff-b202-b355504c3a09_1.7cf84c10d46f032ac1114a4822fc09d9.jpeg?odnHeight=180&odnWidth=180&odnBg=ffffff,VIZIO 32-Inch 720p Smart LED TV D32H-D1 (2016),249.99,0,0
909,/ip/VIZIO-43-Class-V-Series-4K-LED-HDR-Smart-TV-NEW-2023-Online-Only-V435M-K04/413547604,"VIZIO V-Series 43"" Class 4K HDR Smart TV",https://i5.walmartimages.com/asr/4ca3f633-413c-4832-97df-2c68de89d320.349b056de864bec48adcde3b77a74b65.jpeg?odnHeight=180&odnWidth=180&odnBg=ffffff,"VIZIO 43"" Class V-Series 4K LED HDR Smart TV NEW 2023 (Online Only) V435M-K04",288,4.5,86
910,/ip/Samsung-UA-32T5300-32-HD-Multi-System-Smart-Wi-Fi-LED-TV-w-Free-HDMI-Cable-110-240-Volts/327140792,"View compatible content in HD resolution across NTSC, PAL, and SECAM color systems with the Samsung N5300 32"" Class HDR HD Smart Multisystem LED TV. This TV has a 32"" LED-backlit LCD and incorporates",https://i5.walmartimages.com/asr/1a3f6d49-75ed-4407-bd5b-f7b65369c7de.2e7f3449dbec5f86b7976116847de555.jpeg?odnHeight=180&odnWidth=180&odnBg=ffffff,"Samsung UA-32T5300 32"" HD Multi-System Smart Wi-Fi LED TV w/Free HDMI Cable, 110-240 Volts",379.99,0,0
911,/ip/Restored-Samsung-50-Class-QLED-4K-2160P-LED-Smart-TV-QN50Q6DAAFXZA-2021-Refurbished/693290272,Merchandise,https://i5.walmartimages.com/asr/64f5d247-35c7-4936-b9fe-3fc1f9663775.f8358314afca3d62b694b18a95b9c0c0.jpeg?odnHeight=180&odnWidth=180&odnBg=ffffff,"Restored Samsung 50"" Class QLED 4K (2160P) LED Smart TV QN50Q6DAAFXZA 2021 (Refurbished)",448,0,0
912,/ip/Hisense-55-Class-LED-UHD-R6-Series-4K-Roku-Smart-TV/657247564,<li>Roku Smart TV</li><li>HDR</li><li>3 HDMI | 1 USB | 1 Ethernet Port</li><li>Compatible With Google Assistant | Alexa</li><li>Motion Rate 120</li><li>3840 x 2160 Lines of Resolution</li><li>Vesa</li>,https://i5.walmartimages.com/asr/dadb5a48-e860-43ef-94ef-d9ebffa824d2.2871696fccfefb4a7403dee2bed0e75b.jpeg?odnHeight=180&odnWidth=180&odnBg=ffffff,"Hisense - 55"" Class LED UHD R6 Series 4K Roku Smart TV",455.87,3.9,68
913,/ip/LG-75-Class-4K-UHD-NanoCell-Web-OS-Smart-TV-with-Active-HDR-75-Series-75NANO75UQA/200729815?athbdg=L1100,<li>webOS22</li><li>A Billion Rich Colors</li><li>Game Optimizer & Dashboard</li>,https://i5.walmartimages.com/asr/3877e64d-ff9d-45a2-95b8-138619f0e786.3756e19e2a617dd89df882a03ad46a49.jpeg?odnHeight=180&odnWidth=180&odnBg=ffffff,"LG 75"" Class 4K UHD NanoCell Web OS Smart TV with Active HDR 75 Series 75NANO75UQA",976.99,4.4,41
914,/ip/Sony-X85J-50-Inch-TV-4K-Ultra-HD-LED-Smart-TV-2021-with-Sony-HT-S100F-Soundbar/361662278,<li>Bundle Includes: Sony KD50X85J X85J 50-Inch TV 4K Ultra HD LED Smart TV with Dolby Vision HDR (2021) along with Sony HT-S100F 2.0 Channel Soundbar with Integrated Tweeter and Knox Gear</li>,https://i5.walmartimages.com/asr/947d3c8b-cb29-41b5-a326-d748f1a4349b.d905c7e1c94316463916d4db034c5009.jpeg?odnHeight=180&odnWidth=180&odnBg=ffffff,Sony X85J 50-Inch TV 4K Ultra HD LED Smart TV (2021) with Sony HT-S100F Soundbar,978,0,0
915,/ip/Samsung-QN43QN90BA-43-inch-Class-Neo-QLED-4K-Smart-TV-2022-Bundle-with-Premium-2-Year-Extended-Warranty/241984357?athbdg=L1700,EWE99SAMQN43QN90BA<li>INCLUDED IN THE BOX:</li><li>Samsung QN90BA Neo QLED 4K Smart TV (2022)</li><li>Remote</li><li>User Manual</li><li>E-Manual</li><li>Power Cable</li><li>HDMI Cable</li>,https://i5.walmartimages.com/asr/131bc11c-ef2d-4cbc-8931-f1cb2e4e8c29.57702548e3b88aefa39e8878b06f3490.jpeg?odnHeight=180&odnWidth=180&odnBg=FFFFFF,Samsung QN43QN90BA 43 inch Class Neo QLED 4K Smart TV 2022 Bundle with Premium 2 Year Extended Warranty,997.99,0,0
916,/ip/VIZIO-75-Class-MQX-Series-4K-QLED-HDR-120Hz-Smart-TV-NEW-2023-Online-Only-M75QXM-K03/611840149,"VIZIO M-Series Quantum 75"" Class 4K HDR Smart TV",https://i5.walmartimages.com/asr/29c266d6-b5cf-48ec-887b-b091fb28f847.0c1423ffe107a2e4fd886c42e30422ad.jpeg?odnHeight=180&odnWidth=180&odnBg=ffffff,"VIZIO 75"" Class MQX Series 4K QLED HDR 120Hz Smart TV NEW 2023 (Online Only) M75QXM-K03",1098,4.9,24
917,/ip/LG-OLED-C1-Series-55-Alexa-Built-in-4k-Smart-TV-3840-x-2160-120Hz-Refresh-Rate-AI-Powered-4K-Dolby-Cinema-WiSA-Ready-Gaming-Mode-OLED55C1PUB-2021-Ope/940126708,EW1LGOLED55C1PUBOB,https://i5.walmartimages.com/asr/caf6c22f-77dc-42b4-8cc4-95e98e631719.dc681ab08a6e276c82cba342557f025e.jpeg?odnHeight=180&odnWidth=180&odnBg=ffffff,"LG OLED C1 Series 55"" Alexa Built-in 4k Smart TV (3840 x 2160), 120Hz Refresh Rate, AI-Powered 4K, Dolby Cinema, WiSA Ready, Gaming Mode (OLED55C1PUB, 2021) - (Open Box)",1150,0,0
918,/ip/Samsung-QN65LS03BAFXZA-65-inch-The-Frame-QLED-4K-UHD-Quantum-HDR-Smart-TV-2022-Bundle-with-Premium-2-YR-CPS-Enhanced-Protection-Pack/202979898,E99SAMQN65LS03BA<li>Samsung The Frame QLED 4K UHD Quantum HDR Smart TV (2022)</li><li>The Frame Standard Smart Remote</li><li>Remote Control Battery</li><li>Power Cable</li><li>User Manual</li>,https://i5.walmartimages.com/asr/8489c668-f34d-43fb-b14c-29947fc23d21.74e73fef69bec0e1780b9e3e7c58b309.jpeg?odnHeight=180&odnWidth=180&odnBg=ffffff,Samsung QN65LS03BAFXZA 65 inch The Frame QLED 4K UHD Quantum HDR Smart TV 2022 Bundle with Premium 2 YR CPS Enhanced Protection Pack,1544.79,5,1
919,/ip/SAMSUNG-85-Inch-Class-QLED-Q60B-Series-4K-UHD-Dual-LED-Quantum-HDR-Smart-TV-with-an-Additional-2-Year-Coverage-by-Epic-Protect-2022/704836889,<li>Everything on your screen is upgraded to 4K resolution by a smart; powerful processor. Turn on your TV and see your favorite shows and movies automatically transformed to 4K thanks to the smart</li>,https://i5.walmartimages.com/asr/0873a225-fe66-4486-a52a-5b3345fb067d.66c6dd71b7892f8dbb9d08f4c2d76f2a.jpeg?odnHeight=180&odnWidth=180&odnBg=ffffff,SAMSUNG 85-Inch Class QLED Q60B Series - 4K UHD Dual LED Quantum HDR Smart TV with an Additional 2 Year Coverage by Epic Protect (2022),1725.99,0,0
920,/ip/SAMSUNG-85-inch-Class-QLED-Q60B-Series-4K-UHD-Dual-LED-Quantum-HDR-Smart-TV-with-an-Additional-1-Year-Coverage-by-Epic-Protect-2022/846742379,<li>Everything on your screen is upgraded to 4K resolution by a smart; powerful processor. Turn on your TV and see your favorite shows and movies automatically transformed to 4K thanks to the smart</li>,https://i5.walmartimages.com/asr/0873a225-fe66-4486-a52a-5b3345fb067d.66c6dd71b7892f8dbb9d08f4c2d76f2a.jpeg?odnHeight=180&odnWidth=180&odnBg=ffffff,SAMSUNG 85-inch Class QLED Q60B Series - 4K UHD Dual LED Quantum HDR Smart TV with an Additional 1 Year Coverage by Epic Protect (2022),1776.19,0,0
921,/ip/SAMSUNG-65-Inch-Class-OLED-4K-S95B-Series-Quantum-HDR-OLED-Self-Illuminating-LED-Smart-TV-with-an-Additional-1-Year-Coverage-by-Epic-Protect-2022/452774589?athbdg=L1700,<li>Samsung delivers 8.3 million specially designed self-lit pixels inside the screen; this picture is intensely cinematic</li><li>Experience everything you watch transformed to 4K by 20 AI-powered</li>,https://i5.walmartimages.com/asr/57b8f1f1-df6c-4295-b6c9-5e7e678feb02.3384e1d3004922275ccf75e66c92bf05.jpeg?odnHeight=180&odnWidth=180&odnBg=ffffff,SAMSUNG 65-Inch Class OLED 4K S95B Series - Quantum HDR OLED Self-Illuminating LED Smart TV with an Additional 1 Year Coverage by Epic Protect (2022),1897.99,0,0
922,/ip/TCL-65-Class-6-Series-8K-Mini-LED-UHD-QLED-Dolby-Vision-HDR-Smart-Roku-TV-65R648/206533132,<li>Brilliant 8K HDR picture quality</li><li>Mini-LED backlight display technology</li><li>Wide Color powered by QLED technology</li>,https://i5.walmartimages.com/asr/4863c51e-673e-475e-b059-209a3f3a8c96.a75fd0d6679e1ed6475ab5ff8dbb48c9.jpeg?odnHeight=180&odnWidth=180&odnBg=ffffff,"TCL 65"" Class 6-Series 8K Mini-LED UHD QLED Dolby Vision HDR Smart Roku TV - 65R648",1998,5,6
923,/ip/Sylvox-65-inch-Outdoor-TV-4K-Smart-TV-Waterproof-Television-for-Outside-Recreation/646736502,"<li>SYLVOX Deck SeriesTV: Designed for Partial Sun, IP55 waterproof rating, even if it gets wet by rain, the TV can still work normally. 700nit brightness, to meet the requirements of outdoor viewing</li>",https://i5.walmartimages.com/asr/ea5f60d0-4935-45a4-ac53-1fd7bc81c7eb.2a2bf75254c89a656ee0263289f44464.jpeg?odnHeight=180&odnWidth=180&odnBg=ffffff,"Sylvox 65 inch Outdoor TV,  4K Smart TV Waterproof Television for Outside Recreation",1999,0,0
924,/ip/SAMSUNG-75-Inch-Class-Neo-QLED-4K-QN90B-Series-Mini-LED-Quantum-HDR-32x-Smart-TV-Sanus-VLF525-B1-Full-Motion-Premium-Mount-50-82-Flat-Screen-TV-s-202/119447384?athbdg=L1700,<li>Brilliant details shine even in well-lit spaces/rooms with Samsung Neo QLED ultra-precise Mini LEDs</li><li>Every detail bursts to life with the realistic contrast and brilliance of Quantum HDR</li>,https://i5.walmartimages.com/asr/eab2adb7-8864-46fb-bb23-162fbdce0f91.af6528db12233962ff0b1f9dc6b41f24.jpeg?odnHeight=180&odnWidth=180&odnBg=ffffff,"SAMSUNG 75-Inch Class Neo QLED 4K QN90B Series Mini LED Quantum HDR 32x Smart TV with a Sanus VLF525-B1 Full-Motion Premium Series Mount for 50""-82"" Flat Screen TV's (2022)",2417.99,0,0
925,/ip/SAMSUNG-98-Inch-Class-Neo-QLED-QN90A-Series-4K-UHD-Smart-TV-with-an-Additional-1-Year-Coverage-by-Epic-Protect-2021/948035459,<li>Enjoy detail in both the darkest and brightest scenes with Quantum Matrix Technology & Quantum Mini LED</li><li>Powerful AI upscaling powered by Neo Quantum Processor 4K ensures you always get</li>,https://i5.walmartimages.com/asr/1997bb6a-e1a9-40f4-a4ba-00b78177102a.8a4a737f9356a330df2f608299b6a058.jpeg?odnHeight=180&odnWidth=180&odnBg=FFFFFF,SAMSUNG 98-Inch Class Neo QLED QN90A Series - 4K UHD Smart TV with an Additional 1 Year Coverage by Epic Protect (2021),14997.99,0,0
926,/ip/RCA-19-Class-HD-720P-LED-Television-with-Built-in-DVD-Player-RTDVD1900D/55540604,"<li>Diagonal screen size: 19""</li><li>Refresh rate: 60Hz</li><li>Backlight: LED</li><li>Smart Functionality: No</li><li>Inputs: (HDMI): 1</li>",https://i5.walmartimages.com/asr/1ada215d-454f-4f29-b862-3b151deb53e6_1.ba9c8312463c751496b23df53d0973ff.jpeg?odnHeight=180&odnWidth=180&odnBg=ffffff,"RCA 19"" Class HD (720P) LED Television with Built-in DVD Player (RTDVD1900D)",104.97,4,388
927,/ip/Restored-Sanyo-65-Class-4K-Ultra-HD-2160p-HDR-Roku-Smart-TV-FW65R70F-Refurbished/228596208,Merchandise,https://i5.walmartimages.com/asr/1d72cc62-665e-46c4-9866-dacdcc921239.cf5bfc60b7e7ee1613c9a3d044722770.jpeg?odnHeight=180&odnWidth=180&odnBg=ffffff,"Restored Sanyo 65"" Class 4K Ultra HD (2160p) HDR Roku Smart TV (FW65R70F) (Refurbished)",435.06,2.9,10
928,/ip/SAMSUNG-43-Class-4K-Ultra-HD-2160P-HDR-Smart-QLED-TV-QN43Q60T-2020/836251833,"43"" 4K UHD HDR smart TV features Quantum Dot technology to let you enter a world saturated with color and sharpened to refreshing clarity. Intuitive smart TV interface learns what you like and",https://i5.walmartimages.com/asr/43af5a46-6211-479c-80ea-bee699c438ac.639d315985ba2df57094e8cb208f5c40.jpeg?odnHeight=180&odnWidth=180&odnBg=ffffff,SAMSUNG 43 Class 4K Ultra HD (2160P) HDR Smart QLED TV QN43Q60T 2020,527.99,4.6,2610
929,/ip/SAMSUNG-55-Class-4K-Ultra-HD-2160P-HDR-Smart-LED-TV-UN55RU7100-2019-Model/373904096,<li>Resolution: 4K 2160P</li><li>Effective Refresh Rate: 120 Hz</li><li>Smart Functionality: Yes</li>,https://i5.walmartimages.com/asr/61be2588-806b-4d23-9cd3-b2e68fce2a03_1.203748bacb22c6bc299ff0517512e672.jpeg?odnHeight=180&odnWidth=180&odnBg=ffffff,"SAMSUNG 55"" Class 4K Ultra HD (2160P) HDR Smart LED TV UN55RU7100 (2019 Model)",597.99,4.5,1577
930,/ip/VIZIO-65-Class-MQ6-Series-4K-QLED-HDR-Smart-TV-NEW-2023-Online-Only-M65Q6M-K04/1189158536,"VIZIO M-Series Quantum 65"" Class 4K HDR Smart TV",https://i5.walmartimages.com/asr/197473e8-08bc-40b4-a9e2-05a28ff8a3d9.f8e4e54f2659a1e0f47458d495502002.jpeg?odnHeight=180&odnWidth=180&odnBg=FFFFFF,"VIZIO 65"" Class MQ6 Series 4K QLED HDR Smart TV NEW 2023 (Online Only) M65Q6M-K04",628,4.9,15
931,/ip/SAMSUNG-55-Class-4K-Ultra-HD-2160P-HDR-Smart-QLED-TV-QN55Q70T-2020/835271865,<li>Immersive beauty: Once you see the difference theres no going back.</li><li>Full array backlighting presents gorgeous blacks and radiant whites within scenes.</li>,https://i5.walmartimages.com/asr/76a979ee-8e2e-4be5-93a4-e3d08613f62a.4b277283c10e4a41e43fe6af66008510.jpeg?odnHeight=180&odnWidth=180&odnBg=ffffff,SAMSUNG 55 Class 4K Ultra HD (2160P) HDR Smart QLED TV QN55Q70T 2020,910.15,4.7,1163
932,/ip/First-Blood-Blu-Ray/810898103,<li>Rambo takes on sheriff and National Guard.</li><li>+ Blu-ray HD</li><li>Year: 1982</li><li>Video Release: 2002-03-06</li><li>Genre: Action</li><li>MPAA Rating: R</li><li>Color: Color</li>,https://i5.walmartimages.com/asr/b9991c16-48d8-4a4c-8eaf-e12a0535b827_1.9e4719355d3c391808ed5d5571b0dfbb.jpeg?odnHeight=180&odnWidth=180&odnBg=ffffff,First Blood (Blu-Ray),17.99,4.7,3
933,/ip/19-5V-AC-Adapter-Sony-Bravia-KDL-40-KDL-42-KDL-48-KDL-55-KDL-32-Series-KDL-40R510C-KDL-40W650D-KDL48W590B-KDL55W650D-KDL48W600B-KDL-42W650A-KDL-40W60/645183135,"About Domallk Domallk Inc. is dedicated to provide high quality products and top-notch service for our customers and your item is backed by 12-months warranty,our online Customer Service Group always",https://i5.walmartimages.com/asr/83ab6e1c-1ef6-40bb-a8c9-faa477c439a6.e7cec11dc3d9103a5eb4da8d9bf250b6.jpeg?odnHeight=180&odnWidth=180&odnBg=ffffff,19.5V AC Adapter for Sony Bravia KDL-40 KDL-42 KDL-48 KDL-55 KDL-32 Series KDL-40R510C KDL-40W650D KDL48W590B KDL55W650D KDL48W600B KDL-42W650A KDL-40W600B KDL-32W700B Smart LED LCD HD TV Screen Power,25.81,0,0
934,/ip/Xtrasaver-OEM-Replacement-Vizio-Base-Tabletop-TVs-Stand-Legs-TV-Pedestal-Feet-sub-V-Series-43-Class-4K-HDR-Smart-V435-J01-Screws-Included-Used-Like-N/154904876,"Xtrasaver OEM Replacement Vizio Base Tabletop TVs StandLegsand TV Pedestal FeetCompatible withVizio V-Series 43"" Class 4K HDR Smart TV (V435-J01), Screws Included<li>Product Feature: Better viewing</li>",https://i5.walmartimages.com/asr/509fc3b0-dd44-423d-b65d-0c8f195d018d.7955d2faf61e15a7b7a2c352eb4f630d.png?odnHeight=180&odnWidth=180&odnBg=ffffff,"Xtrasaver OEM Replacement Vizio Base Tabletop TVs Stand Legs and TV Pedestal Feet sub for Vizio V-Series 43"" Class 4K HDR Smart TV (V435-J01), Screws Included - Used Like New",39.99,0,0
935,/ip/Xtrasaver-OEM-Replacement-Vizio-Base-Tabletop-TVs-Stand-Legs-TV-Pedestal-Feet-sub-V-Series-55-Class-4K-HDR-Smart-V556-G1-Screws-Included-Used-Like-Ne/527580573,"Xtrasaver OEM Replacement Vizio Base Tabletop TVs StandLegsand TV Pedestal FeetCompatible withVizio V-Series 55"" Class 4K HDR Smart TV (V556-G1), Screws Included<li>Product Feature: Better viewing</li>",https://i5.walmartimages.com/asr/20fbde99-c91d-4566-b5ba-ab42a058dba8.7dc24431929f1fb010ef4c09fe553b07.png?odnHeight=180&odnWidth=180&odnBg=ffffff,"Xtrasaver OEM Replacement Vizio Base Tabletop TVs Stand Legs and TV Pedestal Feet sub for Vizio V-Series 55"" Class 4K HDR Smart TV (V556-G1), Screws Included - Used Like New",49.99,0,0
936,/ip/And-Video-STAR-5-Inch-Digital-Television-Portable-Digital-TV-For-Car-Camping-Kitchen-US-Plug-110-220V/228454770,"<li>In addition to satisfying the corresponding specific playback format, this portable TV can also be used to watch analog TV, digital TV and ATV, and you can switch freely according to your</li>",https://i5.walmartimages.com/asr/d39f81ab-f5fd-4d76-8796-10f8916151c4.3d48aa227d830f7651fe29dcfef6292d.jpeg?odnHeight=180&odnWidth=180&odnBg=ffffff,And Video STAR 5 Inch Digital Television Portable Digital TV For Car Camping Kitchen US Plug 110-220V,68.21,0,0
937,/ip/Portable-Tv-Portable-Handheld-Tvs-LEADSTAR-5-Inch-Digital-Television-Portable-Digital-TV-For-Car-Camping-Kitchen-US-Plug-110-220V/1021324067,"<li>In addition to satisfying the corresponding specific playback format, this portable TV can also be used to watch analog TV, digital TV and ATV, and you can switch freely according to your</li>",https://i5.walmartimages.com/asr/c943be72-dbcf-4456-9aeb-964ac705cb60.65abf5fe88354bdc5bde9bab748fa32c.jpeg?odnHeight=180&odnWidth=180&odnBg=ffffff,Portable Tv Portable Handheld Tvs LEADSTAR 5 Inch Digital Television Portable Digital TV For Car Camping Kitchen US Plug 110-220V,77.05,0,0
938,/ip/Original-SAMSUNG-UN75KS9000F-TV-One-Connect-Cable-for-Television/941507408,Original SAMSUNG UN75KS9000F TV One Connect Cable for Television,https://i5.walmartimages.com/asr/1546b500-6577-4187-8efd-96e40a25c292.7db40bacb4420d13760a1ad486fd9805.jpeg?odnHeight=180&odnWidth=180&odnBg=ffffff,Original SAMSUNG UN75KS9000F TV One Connect Cable for Television,99.99,0,0
939,/ip/Trexonic-Portable-Rechargeable-14-LED-TV-with-HDMI-SD-MMC-USB-VGA-AV-In-Out-And-Built-in-Digital-Tuner/584472547,Trexonic TRX-14D 14 in. Portable Rechargeable LED TV with HDMI & SD-MMC,https://i5.walmartimages.com/asr/3215310a-6837-4fcb-8035-03bc96b7908f_1.d423e94dd0d7abca0e4f1f74cd55eeda.jpeg?odnHeight=180&odnWidth=180&odnBg=ffffff,"Trexonic Portable Rechargeable 14"" LED TV with HDMI, SD/MMC, USB, VGA, AV In/Out And Built-in Digital Tuner",116.05,4.1,92
940,/ip/Supersonic-14-inch-Portable-LED-TV-Black/725786249,"14"" Portable LED TV",https://i5.walmartimages.com/asr/600368ea-0495-4c2a-bc55-4ce430137e56.71627b501ba36fd0de5cc685052d28b2.jpeg?odnHeight=180&odnWidth=180&odnBg=ffffff,Supersonic 14 inch Portable LED TV - Black,121,4.5,2
941,/ip/14-in-Portable-Rechargeable-LED-TV-with-Amplified-Antenna-44-Gray/1246681387,"14 Inch Portable LED TV with HDMI, SD, MMC, USB, VGA, Headphone Jack, AV Inputs and Output And Built-in Digital Tuner offers you the luxury of high quality entertainment on the go! This easily",https://i5.walmartimages.com/asr/9cc2b7d2-6ca3-4e7b-850b-c3b535affaf8.c1df709df32b9149e074c35603d12a6f.jpeg?odnHeight=180&odnWidth=180&odnBg=ffffff,"14 in. Portable Rechargeable LED TV with Amplified Antenna, Gray",123.23,0,0
942,/ip/Restored-TCL-32-Class-3-Series-HD-LED-Smart-Roku-TV-32S335-B-Refurbished/480360478,"
<li>HD Resolution Stunning high definition resolution offers enhanced clarity and detail for all your favorite content</li>
<li>Simple, Intuitive Interface Seamless access to over 500,000 streaming</li>",https://i5.walmartimages.com/asr/25856968-5c87-4d6c-a4eb-b8ae027cd19c.89992959d7ea80395f70da831d949615.jpeg?odnHeight=180&odnWidth=180&odnBg=ffffff,Restored TCL 32 Class 3-Series HD LED Smart Roku TV - 32S335-B (Refurbished),134,4.4,7
943,/ip/Supersonic-13-3-Class-HD-LED-TV-720P-60Hz-SC-1311-and-SC-612-HDTV-Flat-Digital-Antenna/55844187,"<li>Diagonal Screen Size: 13.3""</li><li>Refresh Rate: 60Hz</li><li>Backlight Type: LED</li><li>Inputs: (HDMI/USB): 1/1</li>",https://i5.walmartimages.com/asr/1df6a594-5e40-4adb-a51e-6d19da6dd4cf.557a5728272e8b3aa1e9df06f632452f.jpeg?odnHeight=180&odnWidth=180&odnBg=ffffff,"Supersonic 13.3"" Class - HD LED TV - 720P, 60Hz (SC-1311) and SC-612 HDTV Flat Digital Antenna",159.57,0,0
945,/ip/Tyler-16-Portable-TV-LCD-Monitor-Battery-Powered-Wireless-Capability-HD-TV-HDMI-USB-RCA-AC-DC-FM-Radio-Car-Charger-Remote-Control-Built-Stand-Small-M/462632957,"Tyler TTV709-16 16"" Portable Battery Powered LCD H",https://i5.walmartimages.com/asr/353cf94b-a04d-4f22-a9b0-fefb9b0bb6de.02f2c6da5e8b7356d9dcc27e25283e16.jpeg?odnHeight=180&odnWidth=180&odnBg=ffffff,"Tyler 16"" Portable TV LCD Monitor Battery Powered Wireless Capability HD-TV, HDMI, USB, RCA, AC/DC, FM Radio, Car Charger, Remote Control, Built in Stand Small Mini for Car Kids & Traveling",159.95,3,2
946,/ip/Restored-RCA-50-Class-4K-Ultra-HD-2160P-HDR-Roku-Smart-LED-Television-RTRU5027-Black-Refurbished/868077775,"RCA 50"" Class 4K Ultra HD (2160p) HDR Roku Smart LED TV (RTRU5027-W)


<li>Roku TV is an easy way to stream what you love. Watch almost anything with access to 450,000+ movies and TV episodes across</li>",https://i5.walmartimages.com/asr/48a8bd5c-d94d-46d2-a569-945073a66de8.7bb224a96a7869562f5965e1cb0c7078.jpeg?odnHeight=180&odnWidth=180&odnBg=ffffff,"Restored RCA 50"" Class 4K Ultra HD (2160P) HDR Roku Smart LED Television, RTRU5027 Black [Refurbished}",252.99,0,0
947,/ip/Restored-TCL-50-Class-5-Series-4K-QLED-Dolby-Vision-HDR-Smart-Roku-TV-50S535-B-Refurbished/127027234,"<li>Superior 4K Ultra HD: Picture clarity combined with the contrast, color, and detail of Dolby Vision HDR (High Dynamic Range) for the most lifelike picture.</li><li>HDR Pro Pack: Enjoy a truly</li>",https://i5.walmartimages.com/asr/61e6150d-0a35-4abb-a03d-6b9847efbb86.7a1e5945c51405f5b4aa3e14d576253a.jpeg?odnHeight=180&odnWidth=180&odnBg=ffffff,"Restored TCL 50"" Class 5-Series 4K QLED Dolby Vision HDR Smart Roku TV - 50S535-B (Refurbished)",378,2.8,19
948,/ip/Restored-SAMSUNG-50-Class-4K-Crystal-UHD-LED-Smart-TV-with-HDR-8000-Series-UN50AU8000B-2021-Model-Refurbished/796229450,"True-to-life color.<li>Witness millions of shades of color through powerful Dynamic Crystal technology.</li>See every detail.<li>See every detail with stunning clarity. The powerful processor,</li>",https://i5.walmartimages.com/asr/84499e69-4721-4fb5-869c-967630b6f267.2e16555ac427150daaf5c074882a4307.jpeg?odnHeight=180&odnWidth=180&odnBg=ffffff,"Restored SAMSUNG 50"" Class 4K Crystal UHD LED Smart TV with HDR 8000 Series UN50AU8000B (2021 Model) (Refurbished)",409.99,5,1
949,/ip/AOC-Monitors-CU32V3-32-in-4K-60-Hz-HDMI-DisplayPort-Audio-Curved-Monitor/203558415,"AOC 32"" (31. 5"" viewable) widescreen monitor with 4K UHD 3840x2160 resolutionSuper-Curve 1500R VA panel that displays more accurate colors with wide-viewing angles that comform better to the natural",https://i5.walmartimages.com/asr/5c92e39b-d5da-4e20-9f2e-cdf9a02fe8e6.9d1a86a37040f0e4c929b343a11d8c96.jpeg?odnHeight=180&odnWidth=180&odnBg=ffffff,AOC Monitors CU32V3 32 in. 4K 60 Hz HDMI DisplayPort Audio Curved Monitor,444.88,0,0
950,/ip/Restored-TCL-55-Class-5-Series-4K-QLED-Dolby-Vision-HDR-Smart-Roku-TV-55S535-B-Refurbished/696420035,Merchandise,https://i5.walmartimages.com/asr/61e6150d-0a35-4abb-a03d-6b9847efbb86.7a1e5945c51405f5b4aa3e14d576253a.jpeg?odnHeight=180&odnWidth=180&odnBg=ffffff,"Restored TCL 55"" Class 5-Series 4K QLED Dolby Vision HDR Smart Roku TV - 55S535-B (Refurbished)",469.8,2,9
951,/ip/Samsung-UN43TU7000-43-TU7000-4K-Ultra-HD-Smart-LED-TV-2020-Model-Deco-Gear-Home-Theater-Soundbar-Wall-Mount-Accessory-Kit-HDMI-Cable-Bundle-43-Inch-4/814527771,E2SAMUN43TU7000<li>4K Ultra HD Smart LED TV (2020 Model)</li><li>Standard Remote (TM1240A)</li><li>Remote Control Battery</li><li>Power Cable</li><li>User Manual</li><li>E-Manual</li><li>Includes</li>,https://i5.walmartimages.com/asr/350383cf-7d5b-40b6-b250-4458a03321cd_1.94b1f516c91d30ebf778482347772f0a.jpeg?odnHeight=180&odnWidth=180&odnBg=ffffff,"Samsung UN43TU7000 43"" TU7000 4K Ultra HD Smart LED TV (2020 Model) with Deco Gear Home Theater Soundbar, Wall Mount Accessory Kit and HDMI Cable Bundle (43 Inch TV 43TU7000 UN43TU7000FXZA)",479.99,0,0
952,/ip/Samsung-50-Class-4K-UHDTV-2160p-HDR-Smart-LED-LCD-TV-QN50QN9DAAF/349247556,Samsung QN50QN9DAAFXZA 50 Neo QLED 4K HDR Smart TV (2021),https://i5.walmartimages.com/asr/05eb3a03-a15e-45c6-86c2-95b0419e34c2.f3195eaef486ae2f733189a78d257fa8.jpeg?odnHeight=180&odnWidth=180&odnBg=ffffff,"Samsung 50"" Class 4K UHDTV (2160p) HDR Smart LED-LCD TV (QN50QN9DAAF)",847.99,0,0
953,/ip/Samsung-QN65Q60BAFXZA-Q60B-65-inch-QLED-4K-Quantum-Dual-LED-HDR-Smart-TV-2022-Bundle-with-Premium-2-YR-CPS-Enhanced-Protection-Pack/187772581?athbdg=L1700,E99SAMQN65Q60BA<li>Samsung Q60B QLED 4K Quantum Dual LED HDR Smart TV (2022)</li><li>Remote</li><li>User Manual</li><li>E-Manual</li><li>Power Cable</li><li>Limited Warranty</li><li>Bundle Includes:</li>,https://i5.walmartimages.com/asr/74c7db72-f671-4937-990a-832e22f1e15f.53c890ee3639f39bf526b8c6985c0e79.jpeg?odnHeight=180&odnWidth=180&odnBg=ffffff,Samsung QN65Q60BAFXZA Q60B 65 inch QLED 4K Quantum Dual LED HDR Smart TV 2022 Bundle with Premium 2 YR CPS Enhanced Protection Pack,889.99,5,1
954,/ip/Samsung-QN50QN9DAAFXZA-50-Neo-QLED-4K-HDR-Smart-TV-with-an-Additional-2-Year-Coverage-by-Epic-Protect-2021/1044522116,<li>Quantum Matrix Technology: Ultra-precise contrast with game-changing mesh light control</li><li>Upgrade every picture to 4K with AI based processing with Samsung Neo Quantum Processor</li><li>Get</li>,https://i5.walmartimages.com/asr/f56ec288-48b6-4798-a985-396618604346.f59d2c27bedf5a1b552c2eb7a6145bfb.jpeg?odnHeight=180&odnWidth=180&odnBg=ffffff,Samsung QN50QN9DAAFXZA 50 Neo QLED 4K HDR Smart TV with an Additional 2 Year Coverage by Epic Protect (2021),893.15,0,0
955,/ip/LG-70UP7070PUE-70-Inch-LED-4K-UHD-Smart-webOS-TV-2021-Model-Bundle-SK1-2-0-Channel-Compact-Sound-Bar-Bluetooth-37-70-inch-Wall-Mount-Bracket-6-Outlet/547835417,E28LG70UP7070PUE<li>INCLUDED IN THE BOX:</li><li>70UP7070PUE</li><li>Remote</li><li>Remote Control Batteries (2)</li><li>Power Cable</li><li>Quick Start Guide</li><li>BUNDLE INCLUDES:</li><li>LG</li>,https://i5.walmartimages.com/asr/5e169e4a-7e84-4c63-a7a6-924ea23ba7bd.22002e8a33e2e5b7092945c80edcfa3a.jpeg?odnHeight=180&odnWidth=180&odnBg=ffffff,"LG 70UP7070PUE 70 Inch LED 4K UHD Smart webOS TV (2021 Model) Bundle with LG SK1 2.0-Channel Compact Sound Bar with Bluetooth, 37-70 inch TV Wall Mount Bracket Bundle and 6-Outlet Surge Adapter",969,5,3
956,/ip/Samsung-QN43LS03BAFXZA-43-inch-The-Frame-QLED-4K-UHD-Quantum-HDR-Smart-TV-2022-Bundle-with-Premium-2-YR-CPS-Enhanced-Protection-Pack/791853056?athbdg=L1700,Samsung QN43LS03BAFXZA 43 inch The Frame QLED 4K UHD Quantum HDR Smart TV 2022 Bundle with Premium 2 YR CPS Enhanced Protection Pack,https://i5.walmartimages.com/asr/8489c668-f34d-43fb-b14c-29947fc23d21.74e73fef69bec0e1780b9e3e7c58b309.jpeg?odnHeight=180&odnWidth=180&odnBg=ffffff,Samsung QN43LS03BAFXZA 43 inch The Frame QLED 4K UHD Quantum HDR Smart TV 2022 Bundle with Premium 2 YR CPS Enhanced Protection Pack,997.99,0,0
957,/ip/Samsung-QN55QN90BA-55-inch-Class-Samsung-Neo-QLED-4K-Smart-TV-2022-Bundle-with-Premium-2-Year-Extended-Warranty/312668574?athbdg=L1700,E99SAMQN55QN90BA<li>INCLUDED IN THE BOX:</li><li>Samsung QN90BA Neo QLED 4K Smart TV (2022)</li><li>User Manual</li><li>E-Manual</li><li>Power Cable</li><li>Remote</li><li>HDMI Cable</li><li>Limited</li>,https://i5.walmartimages.com/asr/185b5d84-e305-43b4-9d4d-9235f11195aa.87a185beaa0e27734a004235b37bae64.jpeg?odnHeight=180&odnWidth=180&odnBg=ffffff,Samsung QN55QN90BA 55 inch Class Samsung Neo QLED 4K Smart TV 2022 Bundle with Premium 2 Year Extended Warranty,1297.99,0,0
958,/ip/Samsung-QN65QN9DAAFXZA-65-Neo-QLED-4K-HDR-Smart-TV-with-an-Additional-4-Year-Coverage-by-Epic-Protect-2021/1927817660,<li>Quantum Matrix Technology: Ultra-precise contrast with game-changing mesh light control</li><li>Upgrade every picture to 4K with AI based processing with Samsung Neo Quantum Processor</li><li>Get</li>,https://i5.walmartimages.com/asr/8186a8d5-de9a-4830-9ec1-28401fe638a5.76f4e641772878168985e86035eca9f6.jpeg?odnHeight=180&odnWidth=180&odnBg=ffffff,Samsung QN65QN9DAAFXZA 65 Neo QLED 4K HDR Smart TV with an Additional 4 Year Coverage by Epic Protect (2021),1597.25,0,0
959,/ip/SAMSUNG-85-Inch-Class-QLED-Q60B-Series-4K-UHD-Dual-LED-Quantum-HDR-Smart-TV-Walts-Large-Extra-Large-Tilt-Mount-43-90-TV-s-Screen-Cleaner-Kit-2022/311692373,<li>Everything on your screen is upgraded to 4K resolution by a smart; powerful processor. Turn on your TV and see your favorite shows and movies automatically transformed to 4K thanks to the smart</li>,https://i5.walmartimages.com/asr/a1b61260-3e8d-4820-924d-a77bedef4017.b271e9d5562f6df331ff7e2faeac2612.jpeg?odnHeight=180&odnWidth=180&odnBg=ffffff,"SAMSUNG 85-Inch Class QLED Q60B Series - 4K UHD Dual LED Quantum HDR Smart TV with a Walts TV Large/Extra Large Tilt Mount for 43""-90"" TV's and Walts Screen Cleaner Kit (2022)",1722.99,0,0
960,/ip/Samsung-QN65LS03BA-65-inch-The-Frame-QLED-4K-UHD-Quantum-HDR-Smart-TV-2022-Samsung-65-Customizable-Bezel-Modern-Beige/714383607,E44SAMQN65LS03BA<li>INCLUDED IN THE BOX:</li><li>Samsung The Frame QLED 4K UHD Quantum HDR Smart TV (2022)</li><li>The Frame Standard Smart Remote</li><li>Remote Control Battery</li><li>Power Cable</li>,https://i5.walmartimages.com/asr/8b033e74-809f-45e9-b6c4-95e43b2014ef.8da23bee6bd6520adf79f896ac49fb99.jpeg?odnHeight=180&odnWidth=180&odnBg=ffffff,"Samsung QN65LS03BA 65 inch The Frame QLED 4K UHD Quantum HDR Smart TV (2022) Samsung 65"" Customizable Bezel Modern Beige",2195.98,0,0
961,/ip/Samsung-QN65LS03BAFXZA-65-inch-The-Frame-QLED-4K-UHD-Quantum-HDR-Smart-TV-2022-Bundle-with-Samsung-65-inch-The-Frame-Customizable-Bezel-Modern-White/206626518,E42SAMQN65LS03BA<li>Samsung The Frame QLED 4K UHD Quantum HDR Smart TV (2022)</li><li>The Frame Standard Smart Remote</li><li>Remote Control Battery</li><li>Power Cable</li><li>User Manual</li>,https://i5.walmartimages.com/asr/db296c65-a3c7-40ae-a614-8dfded8ce38e.5b17b34bcbe73ebd7dbeb7f74298b81b.jpeg?odnHeight=180&odnWidth=180&odnBg=ffffff,Samsung QN65LS03BAFXZA 65 inch The Frame QLED 4K UHD Quantum HDR Smart TV 2022 Bundle with Samsung 65 inch The Frame Customizable Bezel Modern White,2195.98,5,1
962,/ip/Samsung-QN75LS03BAFXZA-75-inch-The-Frame-QLED-4K-UHD-Quantum-HDR-Smart-TV-2022-Bundle-with-Premium-2-YR-CPS-Enhanced-Protection-Pack/683646595,E99SAMQN75LS03BA<li>Samsung The Frame QLED 4K UHD Quantum HDR Smart TV (2022)</li><li>The Frame Standard Smart Remote</li><li>Remote Control Battery</li><li>Power Cable</li><li>User Manual</li>,https://i5.walmartimages.com/asr/8489c668-f34d-43fb-b14c-29947fc23d21.74e73fef69bec0e1780b9e3e7c58b309.jpeg?odnHeight=180&odnWidth=180&odnBg=ffffff,Samsung QN75LS03BAFXZA 75 inch The Frame QLED 4K UHD Quantum HDR Smart TV 2022 Bundle with Premium 2 YR CPS Enhanced Protection Pack,2249,5,2
963,/ip/SAMSUNG-85-Inch-Class-QLED-Q80B-Series-4K-UHD-Direct-Full-Array-Quantum-HDR-12x-Smart-TV-Alexa-Built-in-Additional-1-Year-Coverage-Epic-Protect-2022/246938641,<li>DIRECT FULL ARRAY: Watch the deep blacks and bright whites pop from LED lights directly behind your screen</li><li>QUANTUM PROCESSOR WITH 4K UPSCALING: Enjoy your picture automatically converted</li>,https://i5.walmartimages.com/asr/ccdb1b26-d3bc-4060-9742-454335113f64.aef2575f6aae04fc362e2881e5cbdff0.jpeg?odnHeight=180&odnWidth=180&odnBg=ffffff,SAMSUNG 85-Inch Class QLED Q80B Series - 4K UHD Direct Full Array Quantum HDR 12x Smart TV with Alexa Built-in with an Additional 1 Year Coverage by Epic Protect (2022),2297.99,0,0
964,/ip/Sony-XR77A80K-Bravia-XR-A80K-77-inch-4K-HDR-OLED-Smart-TV-2022-Model-Bundle-Deco-Gear-60W-2-0-Channel-Soundbar-37-100-Wall-Mount-Bracket-6-Outlet-Sur/437892226?athbdg=L1700,"E2SNXR77A80K<li>Sony Bravia XR A80K 77"" 4K HDR OLED Smart TV XR77A80K (2022 Model)</li><li>Remote Control</li><li>Stand</li><li>Power Cord</li><li>Manual and Documentation</li><li>Sony Warranty</li>",https://i5.walmartimages.com/asr/82088837-7790-4b84-8830-d6145e519fac.7bdb99835d1cf62d2c58035dd5100231.jpeg?odnHeight=180&odnWidth=180&odnBg=ffffff,"Sony XR77A80K Bravia XR A80K 77 inch 4K HDR OLED Smart TV 2022 Model Bundle with Deco Gear 60W 2.0 Channel Soundbar, 37""-100"" TV Wall Mount Bracket Bundle and 6-Outlet Surge Adapter",2698,0,0
965,/ip/Hisense-L9G-TriChroma-3000-Lumen-XPR-4K-UHD-Smart-Laser-DLP-Projector-100-Screen-Bundle-Black/254806091,Inspired by a world of incredible color at a scale that makes everything feel brand new. The 3000 Lumen ultra short throw projection TV features the TriChroma laser engine to reach 107% of the BT.2020,https://i5.walmartimages.com/asr/ba267602-12e8-4365-aa2d-42b6b0facee1.b14860244b7c48ceb90ff9e20c5dc25d.jpeg?odnHeight=180&odnWidth=180&odnBg=ffffff,"Hisense L9G TriChroma 3000-Lumen XPR 4K UHD Smart Laser DLP Projector & 100"" Screen Bundle - Black",4435.51,4.8,9
966,/ip/Sceptre-18-Class-720P-HD-LED-TV-E185BV-S/460088638,,https://i5.walmartimages.com/asr/7e9aeb7e-2c17-47b2-a503-3a7bc1bd1e69_1.78e9b573063bc49303cdc2999fd9be2a.jpeg?odnHeight=180&odnWidth=180&odnBg=ffffff,"Sceptre 18"" Class 720P HD LED TV E185BV-S",79.99,3.8,178
967,/ip/TCL-32-Class-720P-HD-LED-Roku-Smart-TV-3-Series-32S321/712021234,"<li>High definition (720p) resolution</li><li>TCL 32"" smart TV has a simple, intuitive Roku interface</li><li>Screen over 500,000 movies and TV episodes</li><li>TCL 32"" TV includes a dual-band Wi-Fi</li>",https://i5.walmartimages.com/asr/fe7464f9-9701-41c5-86d8-09ee4738cf00_1.da520b520a0c87f5249a1bf74e3ab2df.jpeg?odnHeight=180&odnWidth=180&odnBg=ffffff,"TCL 32"" Class 720P HD LED Roku Smart TV 3 Series 32S321",139,4.2,2863
968,/ip/RCA-Roku-QLED-65-Class-4K-UHD-Smart-TV-RTRQ6522-US-Black/907992628,&bull<li>65 in. 16:9 LED screen</li><li>&bull</li><li>Resolution: 4K UHD (2160p)</li><li>&bull</li><li>Smart functionality</li><li>&bull</li><li>Roku(R) streaming service</li><li>&bull</li>,https://i5.walmartimages.com/asr/48a8bd5c-d94d-46d2-a569-945073a66de8.7bb224a96a7869562f5965e1cb0c7078.jpeg?odnHeight=180&odnWidth=180&odnBg=ffffff,"RCA Roku, QLED 65"" Class 4K UHD Smart TV, RTRQ6522-US, Black",1294.5,4,136
